$date
   Sun Jun 21 03:19:58 2026
$end

$version
  2023.2
  $dumpfile ("dump_axi.vcd") 
$end

$timescale
  1ps
$end

$scope module tb_pynq_axi $end
$scope module dut $end
$scope module u_axi_lite_frontend $end
$var wire 1 ! s_axi_aclk $end
$var wire 1 " s_axi_aresetn $end
$var wire 16 # s_axi_awaddr [15:0] $end
$var wire 1 $ s_axi_awvalid $end
$var reg 1 % s_axi_awready $end
$var wire 32 & s_axi_wdata [31:0] $end
$var wire 4 ' s_axi_wstrb [3:0] $end
$var wire 1 ( s_axi_wvalid $end
$var reg 1 ) s_axi_wready $end
$var reg 2 * s_axi_bresp [1:0] $end
$var reg 1 + s_axi_bvalid $end
$var wire 1 , s_axi_bready $end
$var wire 16 - s_axi_araddr [15:0] $end
$var wire 1 . s_axi_arvalid $end
$var reg 1 / s_axi_arready $end
$var reg 32 0 s_axi_rdata [31:0] $end
$var reg 2 1 s_axi_rresp [1:0] $end
$var reg 1 2 s_axi_rvalid $end
$var wire 1 3 s_axi_rready $end
$var reg 1 4 host_valid $end
$var reg 1 5 host_write $end
$var reg 16 6 host_addr [15:0] $end
$var reg 32 7 host_wdata [31:0] $end
$var reg 4 8 host_wstrb [3:0] $end
$var wire 1 9 host_ready $end
$var wire 32 : host_rdata [31:0] $end
$var wire 1 ; host_error $end
$var reg 1 < aw_pending $end
$var reg 16 = awaddr_reg [15:0] $end
$var reg 1 > w_pending $end
$var reg 32 ? wdata_reg [31:0] $end
$var reg 4 @ wstrb_reg [3:0] $end
$var reg 1 A ar_pending $end
$var reg 16 B araddr_reg [15:0] $end
$var reg 1 C write_channel_idle $end
$var reg 1 D read_channel_idle $end
$upscope $end
$scope module u_processor_host_wrapper $end
$var wire 1 ! clk $end
$var wire 1 " rst_n $end
$var wire 1 E host_valid $end
$var wire 1 F host_write $end
$var wire 16 G host_addr [15:0] $end
$var wire 32 H host_wdata [31:0] $end
$var wire 4 I host_wstrb [3:0] $end
$var reg 1 J host_ready $end
$var reg 32 K host_rdata [31:0] $end
$var reg 1 L host_error $end
$var reg 2 M state $end
$var reg 1 N core_rst_n $end
$var reg 1 O core_halted $end
$var reg 16 P core_pc [15:0] $end
$var reg 32 Q cycle_count [31:0] $end
$var reg 1 R access_error $end
$var reg 1 S host_accept $end
$var reg 1 T aligned $end
$var reg 1 U is_control $end
$var reg 1 V is_status $end
$var reg 1 W is_cycle_count $end
$var reg 1 X is_current_pc $end
$var reg 1 Y is_version $end
$var reg 1 Z is_icm $end
$var reg 1 [ is_scalar $end
$var reg 1 \ is_vector $end
$var reg 1 ] memory_access $end
$var reg 1 ^ start_requested $end
$var reg 1 _ soft_reset_requested $end
$var reg 1 ` start_allowed $end
$var reg 1 a core_icm_we $end
$var reg 9 b core_icm_addr [8:0] $end
$var reg 32 c core_icm_rdata [31:0] $end
$var reg 1 d core_scalar_we $end
$var reg 8 e core_scalar_addr [7:0] $end
$var reg 32 f core_scalar_rdata [31:0] $end
$var reg 1 g core_vector_we $end
$var reg 8 h core_vector_entry [7:0] $end
$var reg 4 i core_vector_lane [3:0] $end
$var reg 32 j core_vector_rdata [31:0] $end
$upscope $end
$upscope $end
$scope begin test_sequence $end
$upscope $end
$scope task send_aw $end
$upscope $end
$scope task send_w $end
$upscope $end
$scope task axi_write $end
$upscope $end
$scope task axi_read $end
$upscope $end
$scope task expect_resp $end
$upscope $end
$scope task wait_for_done $end
$upscope $end
$upscope $end
$scope module vector_defs $end
$upscope $end
$enddefinitions $end

#0
$dumpvars
0!
0"
b0 #
0$
1%
b0 &
b0 '
0(
1)
b0 *
0+
0,
b0 -
0.
1/
b0 0
b0 1
02
03
04
05
b0 6
b0 7
b0 8
19
b0 :
0;
0<
b0 =
0>
b0 ?
b0 @
0A
b0 B
1C
1D
0E
0F
b0 G
b0 H
b0 I
1J
b0 K
0L
b0 M
0N
0O
b0 P
b0 Q
0R
0S
1T
1U
0V
0W
0X
0Y
0Z
0[
0\
0]
0^
0_
1`
0a
b0 b
bx c
0d
b0 e
b0xxxxxxxxxxxxxxxx f
0g
b0 h
b0 i
bx j
$end

#5000
1!

#10000
0!

#15000
1!

#20000
0!

#25000
1!

#30000
0!

#35000
1!

#40000
0!

#45000
1!

#50000
0!

#55000
1!

#60000
0!

#65000
1!

#70000
0!

#75000
1!

#80000
0!

#85000
1!

#90000
0!

#95000
1!

#100000
0!

#105000
1!

#110000
0!

#115000
1!

#120000
0!

#125000
1!

#130000
0!

#135000
1!

#140000
0!

#145000
1!

#150000
0!

#155000
1!
1"

#160000
0!
1.

#165000
1!
0%
0)
0/
1A
0C

#166000
0.

#170000
0!

#175000
1!
14
0A
0D
1E
1S

#180000
0!

#185000
1!
12
04
0E
0S

#190000
0!

#195000
1!
1%
1)
1/
02
13
1C
1D

#200000
0!

#205000
1!

#206000
03

#210000
0!
b100 -
1.

#215000
1!
0%
0)
0/
1A
b100 B
0C

#216000
0.

#220000
0!

#225000
1!
14
b100 6
b10000 :
0A
0D
1E
b100 G
b10000 K
1S
0U
1V
b1 b
b1 e
b1 i

#230000
0!

#235000
1!
b10000 0
12
04
b0 :
0E
b0 K
0S

#240000
0!

#245000
1!
1%
1)
1/
02
13
1C
1D

#250000
0!

#255000
1!

#256000
03

#260000
0!
b1000 -
1.

#265000
1!
0%
0)
0/
1A
b1000 B
0C

#266000
0.

#270000
0!

#275000
1!
14
b1000 6
0A
0D
1E
b1000 G
1S
0V
1W
b10 b
b10 e
b10 i

#280000
0!

#285000
1!
b0 0
12
04
0E
0S

#290000
0!

#295000
1!
1%
1)
1/
02
13
1C
1D

#300000
0!

#305000
1!

#306000
03

#310000
0!
b1100 -
1.

#315000
1!
0%
0)
0/
1A
b1100 B
0C

#316000
0.

#320000
0!

#325000
1!
14
b1100 6
0A
0D
1E
b1100 G
1S
0W
1X
b11 b
b11 e
b11 i

#330000
0!

#335000
1!
12
04
0E
0S

#340000
0!

#345000
1!
1%
1)
1/
02
13
1C
1D

#350000
0!

#355000
1!

#356000
03

#360000
0!
b10000 -
1.

#365000
1!
0%
0)
0/
1A
b10000 B
0C

#366000
0.

#370000
0!

#375000
1!
14
b10000 6
b10000000000000000 :
0A
0D
1E
b10000 G
b10000000000000000 K
1S
0X
1Y
b100 b
b100 e
b100 i

#380000
0!

#385000
1!
b10000000000000000 0
12
04
b0 :
0E
b0 K
0S

#390000
0!

#395000
1!
1%
1)
1/
02
13
1C
1D

#400000
0!

#405000
1!

#406000
03

#410000
0!
b100 #
1$
b1 &
b1111 '
1(
0/

#415000
1!
0%
0)
1<
b100 =
1>
b1 ?
b1111 @
0D

#416000
0$
0(

#420000
0!

#425000
1!
14
15
b100 6
b1 7
b1111 8
1;
0<
0>
0C
1E
1F
b100 G
b1 H
b1111 I
1L
1S
1V
0Y
b1 b
b1 e
b1 i

#430000
0!

#435000
1!
b10 *
1+
04
0;
0E
0L
1R
0S

#440000
0!

#445000
1!
1%
1)
0+
1,
1/
1C
1D

#450000
0!

#455000
1!

#456000
0,

#460000
0!
b11000000000000 -
1.

#465000
1!
0%
0)
0/
1A
b11000000000000 B
0C

#466000
0.

#470000
0!

#475000
1!
14
05
b11000000000000 6
b0 7
b0 8
1;
0A
0D
1E
0F
b11000000000000 G
b0 H
b0 I
1L
1S
0V
b0 b
b0 e
b11000000 h
b0 i

#480000
0!

#485000
1!
b0 0
b10 1
12
04
0;
0E
0L
0S

#490000
0!

#495000
1!
1%
1)
1/
02
13
1C
1D

#500000
0!

#505000
1!

#506000
03

#510000
0!
b1000000000010 -
1.

#515000
1!
0%
0)
0/
1A
b1000000000010 B
0C

#516000
0.

#520000
0!

#525000
1!
14
b1000000000010 6
1;
0A
0D
1E
b1000000000010 G
1L
1S
0T
1Z
1]
b1000000 h

#530000
0!

#535000
1!
12
04
0;
0E
0L
0S

#540000
0!

#545000
1!
1%
1)
1/
02
13
1C
1D

#550000
0!

#555000
1!

#556000
03

#560000
0!
b0 #
1$
b10 &
b1 '
1(
0/

#565000
1!
0%
0)
1<
b0 =
1>
b10 ?
b1 @
0D

#566000
0$
0(

#570000
0!

#575000
1!
14
15
b0 6
b10 7
b1 8
0<
0>
0C
1E
1F
b0 G
b10 H
b1 I
1S
1T
1U
0Z
0]
1_
b0 h

#580000
0!

#585000
1!
b0 *
1+
04
0E
0R
0S
0_

#590000
0!

#595000
1!
1%
1)
0+
1,
1/
1C
1D

#600000
0!

#605000
1!

#606000
0,

#610000
0!
b1000000000000 #
1$
0/

#615000
1!
0%
1<
b1000000000000 =
0D

#616000
0$

#620000
0!

#625000
1!

#630000
0!
b111111111100000000100000000000 &
b1111 '
1(

#635000
1!
0)
1>
b111111111100000000100000000000 ?
b1111 @

#636000
0(

#640000
0!

#645000
1!
14
b1000000000000 6
b111111111100000000100000000000 7
b1111 8
bx :
0<
0>
0C
1E
b1000000000000 G
b111111111100000000100000000000 H
b1111 I
bx K
1S
0U
1Z
1]
1a
b1000000 h

#650000
0!

#655000
1!
1+
04
b0 :
0E
b0 K
0S
0a
b111111111100000000100000000000 c

#660000
0!

#665000
1!
1%
1)
0+
1,
1/
1C
1D

#670000
0!

#675000
1!

#676000
0,

#680000
0!
b110010001000000000000000000000 &
1(
0/

#685000
1!
0)
1>
b110010001000000000000000000000 ?
0D

#686000
0(

#690000
0!

#695000
1!

#700000
0!
b1000000000100 #
1$

#705000
1!
0%
1<
b1000000000100 =

#706000
0$

#710000
0!

#715000
1!
14
b1000000000100 6
b110010001000000000000000000000 7
bx :
0<
0>
0C
1E
b1000000000100 G
b110010001000000000000000000000 H
bx K
1S
1a
b1 b
bx c
b1 e
b1 i

#720000
0!

#725000
1!
1+
04
b0 :
0E
b0 K
0S
0a
b110010001000000000000000000000 c

#730000
0!

#735000
1!
1%
1)
0+
1,
1/
1C
1D

#740000
0!

#745000
1!

#746000
0,

#750000
0!
b1000000001000 #
1$
b110001000100000000000000000000 &
1(
0/

#755000
1!
0%
0)
1<
b1000000001000 =
1>
b110001000100000000000000000000 ?
0D

#756000
0$
0(

#760000
0!

#765000
1!
14
b1000000001000 6
b110001000100000000000000000000 7
bx :
0<
0>
0C
1E
b1000000001000 G
b110001000100000000000000000000 H
bx K
1S
1a
b10 b
bx c
b10 e
b10 i

#770000
0!

#775000
1!
1+
04
b0 :
0E
b0 K
0S
0a
b110001000100000000000000000000 c

#780000
0!

#785000
1!
1%
1)
0+
1,
1/
1C
1D

#790000
0!

#795000
1!

#796000
0,

#800000
0!
b1000000000000 -
1.

#805000
1!
0%
0)
0/
1A
b1000000000000 B
0C

#806000
0.

#810000
0!

#815000
1!
14
05
b1000000000000 6
b0 7
b0 8
b111111111100000000100000000000 :
0A
0D
1E
0F
b1000000000000 G
b0 H
b0 I
b111111111100000000100000000000 K
1S
b0 b
b111111111100000000100000000000 c
b0 e
b0 i

#820000
0!

#825000
1!
b111111111100000000100000000000 0
b0 1
12
04
b0 :
0E
b0 K
0S

#830000
0!

#835000
1!
1%
1)
1/
02
13
1C
1D

#840000
0!

#845000
1!

#846000
03

#850000
0!
b1000000000100 -
1.

#855000
1!
0%
0)
0/
1A
b1000000000100 B
0C

#856000
0.

#860000
0!

#865000
1!
14
b1000000000100 6
b110010001000000000000000000000 :
0A
0D
1E
b1000000000100 G
b110010001000000000000000000000 K
1S
b1 b
b110010001000000000000000000000 c
b1 e
b1 i

#870000
0!

#875000
1!
b110010001000000000000000000000 0
12
04
b0 :
0E
b0 K
0S

#880000
0!

#885000
1!
1%
1)
1/
02
13
1C
1D

#890000
0!

#895000
1!

#896000
03

#900000
0!
b1000000001000 -
1.

#905000
1!
0%
0)
0/
1A
b1000000001000 B
0C

#906000
0.

#910000
0!

#915000
1!
14
b1000000001000 6
b110001000100000000000000000000 :
0A
0D
1E
b1000000001000 G
b110001000100000000000000000000 K
1S
b10 b
b110001000100000000000000000000 c
b10 e
b10 i

#920000
0!

#925000
1!
b110001000100000000000000000000 0
12
04
b0 :
0E
b0 K
0S

#930000
0!

#935000
1!
1%
1)
1/
02
13
1C
1D

#940000
0!

#945000
1!

#946000
03

#950000
0!
b1000000000000 #
1$
b111111111100000000100000000000 &
1(
0/

#955000
1!
0%
0)
1<
b1000000000000 =
1>
b111111111100000000100000000000 ?
0D

#956000
0$
0(

#960000
0!

#965000
1!
14
15
b1000000000000 6
b111111111100000000100000000000 7
b1111 8
b111111111100000000100000000000 :
0<
0>
0C
1E
1F
b1000000000000 G
b111111111100000000100000000000 H
b1111 I
b111111111100000000100000000000 K
1S
1a
b0 b
b111111111100000000100000000000 c
b0 e
b0 i

#970000
0!

#975000
1!
1+
04
b0 :
0E
b0 K
0S
0a

#980000
0!

#985000
1!
1%
1)
0+
1,
1/
1C
1D

#990000
0!

#995000
1!

#996000
0,

#1000000
0!
b1000000000100 #
1$
b110010001000000000000000000000 &
1(
0/

#1005000
1!
0%
0)
1<
b1000000000100 =
1>
b110010001000000000000000000000 ?
0D

#1006000
0$
0(

#1010000
0!

#1015000
1!
14
b1000000000100 6
b110010001000000000000000000000 7
b110010001000000000000000000000 :
0<
0>
0C
1E
b1000000000100 G
b110010001000000000000000000000 H
b110010001000000000000000000000 K
1S
1a
b1 b
b110010001000000000000000000000 c
b1 e
b1 i

#1020000
0!

#1025000
1!
1+
04
b0 :
0E
b0 K
0S
0a

#1030000
0!

#1035000
1!
1%
1)
0+
1,
1/
1C
1D

#1040000
0!

#1045000
1!

#1046000
0,

#1050000
0!
b1000000001000 #
1$
b110001000100000000000000000000 &
1(
0/

#1055000
1!
0%
0)
1<
b1000000001000 =
1>
b110001000100000000000000000000 ?
0D

#1056000
0$
0(

#1060000
0!

#1065000
1!
14
b1000000001000 6
b110001000100000000000000000000 7
b110001000100000000000000000000 :
0<
0>
0C
1E
b1000000001000 G
b110001000100000000000000000000 H
b110001000100000000000000000000 K
1S
1a
b10 b
b110001000100000000000000000000 c
b10 e
b10 i

#1070000
0!

#1075000
1!
1+
04
b0 :
0E
b0 K
0S
0a

#1080000
0!

#1085000
1!
1%
1)
0+
1,
1/
1C
1D

#1090000
0!

#1095000
1!

#1096000
0,

#1100000
0!
b1000000001100 #
1$
b1110110000001010000000010000000 &
1(
0/

#1105000
1!
0%
0)
1<
b1000000001100 =
1>
b1110110000001010000000010000000 ?
0D

#1106000
0$
0(

#1110000
0!

#1115000
1!
14
b1000000001100 6
b1110110000001010000000010000000 7
bx :
0<
0>
0C
1E
b1000000001100 G
b1110110000001010000000010000000 H
bx K
1S
1a
b11 b
bx c
b11 e
b11 i

#1120000
0!

#1125000
1!
1+
04
b0 :
0E
b0 K
0S
0a
b1110110000001010000000010000000 c

#1130000
0!

#1135000
1!
1%
1)
0+
1,
1/
1C
1D

#1140000
0!

#1145000
1!

#1146000
0,

#1150000
0!
b1000000010000 #
1$
b10011001000000000000000000000 &
1(
0/

#1155000
1!
0%
0)
1<
b1000000010000 =
1>
b10011001000000000000000000000 ?
0D

#1156000
0$
0(

#1160000
0!

#1165000
1!
14
b1000000010000 6
b10011001000000000000000000000 7
bx :
0<
0>
0C
1E
b1000000010000 G
b10011001000000000000000000000 H
bx K
1S
1a
b100 b
bx c
b100 e
b100 i

#1170000
0!

#1175000
1!
1+
04
b0 :
0E
b0 K
0S
0a
b10011001000000000000000000000 c

#1180000
0!

#1185000
1!
1%
1)
0+
1,
1/
1C
1D

#1190000
0!

#1195000
1!

#1196000
0,

#1200000
0!
b1000000010100 #
1$
b1010101000100000000000000000000 &
1(
0/

#1205000
1!
0%
0)
1<
b1000000010100 =
1>
b1010101000100000000000000000000 ?
0D

#1206000
0$
0(

#1210000
0!

#1215000
1!
14
b1000000010100 6
b1010101000100000000000000000000 7
bx :
0<
0>
0C
1E
b1000000010100 G
b1010101000100000000000000000000 H
bx K
1S
1a
b101 b
bx c
b101 e
b101 i

#1220000
0!

#1225000
1!
1+
04
b0 :
0E
b0 K
0S
0a
b1010101000100000000000000000000 c

#1230000
0!

#1235000
1!
1%
1)
0+
1,
1/
1C
1D

#1240000
0!

#1245000
1!

#1246000
0,

#1250000
0!
b1000000011000 #
1$
b1110110001101010000000000000000 &
1(
0/

#1255000
1!
0%
0)
1<
b1000000011000 =
1>
b1110110001101010000000000000000 ?
0D

#1256000
0$
0(

#1260000
0!

#1265000
1!
14
b1000000011000 6
b1110110001101010000000000000000 7
bx :
0<
0>
0C
1E
b1000000011000 G
b1110110001101010000000000000000 H
bx K
1S
1a
b110 b
bx c
b110 e
b110 i

#1270000
0!

#1275000
1!
1+
04
b0 :
0E
b0 K
0S
0a
b1110110001101010000000000000000 c

#1280000
0!

#1285000
1!
1%
1)
0+
1,
1/
1C
1D

#1290000
0!

#1295000
1!

#1296000
0,

#1300000
0!
b1000000011100 #
1$
b10011001000000000000000000001 &
1(
0/

#1305000
1!
0%
0)
1<
b1000000011100 =
1>
b10011001000000000000000000001 ?
0D

#1306000
0$
0(

#1310000
0!

#1315000
1!
14
b1000000011100 6
b10011001000000000000000000001 7
bx :
0<
0>
0C
1E
b1000000011100 G
b10011001000000000000000000001 H
bx K
1S
1a
b111 b
bx c
b111 e
b111 i

#1320000
0!

#1325000
1!
1+
04
b0 :
0E
b0 K
0S
0a
b10011001000000000000000000001 c

#1330000
0!

#1335000
1!
1%
1)
0+
1,
1/
1C
1D

#1340000
0!

#1345000
1!

#1346000
0,

#1350000
0!
b1000000100000 #
1$
b1010101000100000000000000000001 &
1(
0/

#1355000
1!
0%
0)
1<
b1000000100000 =
1>
b1010101000100000000000000000001 ?
0D

#1356000
0$
0(

#1360000
0!

#1365000
1!
14
b1000000100000 6
b1010101000100000000000000000001 7
bx :
0<
0>
0C
1E
b1000000100000 G
b1010101000100000000000000000001 H
bx K
1S
1a
b1000 b
bx c
b1000 e
b1000 i

#1370000
0!

#1375000
1!
1+
04
b0 :
0E
b0 K
0S
0a
b1010101000100000000000000000001 c

#1380000
0!

#1385000
1!
1%
1)
0+
1,
1/
1C
1D

#1390000
0!

#1395000
1!

#1396000
0,

#1400000
0!
b1000000100100 #
1$
b1110110001101010000000000000000 &
1(
0/

#1405000
1!
0%
0)
1<
b1000000100100 =
1>
b1110110001101010000000000000000 ?
0D

#1406000
0$
0(

#1410000
0!

#1415000
1!
14
b1000000100100 6
b1110110001101010000000000000000 7
bx :
0<
0>
0C
1E
b1000000100100 G
b1110110001101010000000000000000 H
bx K
1S
1a
b1001 b
bx c
b1001 e
b1001 i

#1420000
0!

#1425000
1!
1+
04
b0 :
0E
b0 K
0S
0a
b1110110001101010000000000000000 c

#1430000
0!

#1435000
1!
1%
1)
0+
1,
1/
1C
1D

#1440000
0!

#1445000
1!

#1446000
0,

#1450000
0!
b1000000101000 #
1$
b10011001000000000000000000010 &
1(
0/

#1455000
1!
0%
0)
1<
b1000000101000 =
1>
b10011001000000000000000000010 ?
0D

#1456000
0$
0(

#1460000
0!

#1465000
1!
14
b1000000101000 6
b10011001000000000000000000010 7
bx :
0<
0>
0C
1E
b1000000101000 G
b10011001000000000000000000010 H
bx K
1S
1a
b1010 b
bx c
b1010 e
b1010 i

#1470000
0!

#1475000
1!
1+
04
b0 :
0E
b0 K
0S
0a
b10011001000000000000000000010 c

#1480000
0!

#1485000
1!
1%
1)
0+
1,
1/
1C
1D

#1490000
0!

#1495000
1!

#1496000
0,

#1500000
0!
b1000000101100 #
1$
b1010101000100000000000000000010 &
1(
0/

#1505000
1!
0%
0)
1<
b1000000101100 =
1>
b1010101000100000000000000000010 ?
0D

#1506000
0$
0(

#1510000
0!

#1515000
1!
14
b1000000101100 6
b1010101000100000000000000000010 7
bx :
0<
0>
0C
1E
b1000000101100 G
b1010101000100000000000000000010 H
bx K
1S
1a
b1011 b
bx c
b1011 e
b1011 i

#1520000
0!

#1525000
1!
1+
04
b0 :
0E
b0 K
0S
0a
b1010101000100000000000000000010 c

#1530000
0!

#1535000
1!
1%
1)
0+
1,
1/
1C
1D

#1540000
0!

#1545000
1!

#1546000
0,

#1550000
0!
b1000000110000 #
1$
b1110110001101010000000000000000 &
1(
0/

#1555000
1!
0%
0)
1<
b1000000110000 =
1>
b1110110001101010000000000000000 ?
0D

#1556000
0$
0(

#1560000
0!

#1565000
1!
14
b1000000110000 6
b1110110001101010000000000000000 7
bx :
0<
0>
0C
1E
b1000000110000 G
b1110110001101010000000000000000 H
bx K
1S
1a
b1100 b
bx c
b1100 e
b1100 i

#1570000
0!

#1575000
1!
1+
04
b0 :
0E
b0 K
0S
0a
b1110110001101010000000000000000 c

#1580000
0!

#1585000
1!
1%
1)
0+
1,
1/
1C
1D

#1590000
0!

#1595000
1!

#1596000
0,

#1600000
0!
b1000000110100 #
1$
b10011001000000000000000000011 &
1(
0/

#1605000
1!
0%
0)
1<
b1000000110100 =
1>
b10011001000000000000000000011 ?
0D

#1606000
0$
0(

#1610000
0!

#1615000
1!
14
b1000000110100 6
b10011001000000000000000000011 7
bx :
0<
0>
0C
1E
b1000000110100 G
b10011001000000000000000000011 H
bx K
1S
1a
b1101 b
bx c
b1101 e
b1101 i

#1620000
0!

#1625000
1!
1+
04
b0 :
0E
b0 K
0S
0a
b10011001000000000000000000011 c

#1630000
0!

#1635000
1!
1%
1)
0+
1,
1/
1C
1D

#1640000
0!

#1645000
1!

#1646000
0,

#1650000
0!
b1000000111000 #
1$
b1010101000100000000000000000011 &
1(
0/

#1655000
1!
0%
0)
1<
b1000000111000 =
1>
b1010101000100000000000000000011 ?
0D

#1656000
0$
0(

#1660000
0!

#1665000
1!
14
b1000000111000 6
b1010101000100000000000000000011 7
bx :
0<
0>
0C
1E
b1000000111000 G
b1010101000100000000000000000011 H
bx K
1S
1a
b1110 b
bx c
b1110 e
b1110 i

#1670000
0!

#1675000
1!
1+
04
b0 :
0E
b0 K
0S
0a
b1010101000100000000000000000011 c

#1680000
0!

#1685000
1!
1%
1)
0+
1,
1/
1C
1D

#1690000
0!

#1695000
1!

#1696000
0,

#1700000
0!
b1000000111100 #
1$
b1110110001101010000000000000000 &
1(
0/

#1705000
1!
0%
0)
1<
b1000000111100 =
1>
b1110110001101010000000000000000 ?
0D

#1706000
0$
0(

#1710000
0!

#1715000
1!
14
b1000000111100 6
b1110110001101010000000000000000 7
bx :
0<
0>
0C
1E
b1000000111100 G
b1110110001101010000000000000000 H
bx K
1S
1a
b1111 b
bx c
b1111 e
b1111 i

#1720000
0!

#1725000
1!
1+
04
b0 :
0E
b0 K
0S
0a
b1110110001101010000000000000000 c

#1730000
0!

#1735000
1!
1%
1)
0+
1,
1/
1C
1D

#1740000
0!

#1745000
1!

#1746000
0,

#1750000
0!
b1000001000000 #
1$
b10011001000000000000000000100 &
1(
0/

#1755000
1!
0%
0)
1<
b1000001000000 =
1>
b10011001000000000000000000100 ?
0D

#1756000
0$
0(

#1760000
0!

#1765000
1!
14
b1000001000000 6
b10011001000000000000000000100 7
bx :
0<
0>
0C
1E
b1000001000000 G
b10011001000000000000000000100 H
bx K
1S
1a
b10000 b
bx c
b10000 e
b1000001 h
b0 i

#1770000
0!

#1775000
1!
1+
04
b0 :
0E
b0 K
0S
0a
b10011001000000000000000000100 c

#1780000
0!

#1785000
1!
1%
1)
0+
1,
1/
1C
1D

#1790000
0!

#1795000
1!

#1796000
0,

#1800000
0!
b1000001000100 #
1$
b1010101000100000000000000000100 &
1(
0/

#1805000
1!
0%
0)
1<
b1000001000100 =
1>
b1010101000100000000000000000100 ?
0D

#1806000
0$
0(

#1810000
0!

#1815000
1!
14
b1000001000100 6
b1010101000100000000000000000100 7
bx :
0<
0>
0C
1E
b1000001000100 G
b1010101000100000000000000000100 H
bx K
1S
1a
b10001 b
bx c
b10001 e
b1 i

#1820000
0!

#1825000
1!
1+
04
b0 :
0E
b0 K
0S
0a
b1010101000100000000000000000100 c

#1830000
0!

#1835000
1!
1%
1)
0+
1,
1/
1C
1D

#1840000
0!

#1845000
1!

#1846000
0,

#1850000
0!
b1000001001000 #
1$
b1110110001101010000000000000000 &
1(
0/

#1855000
1!
0%
0)
1<
b1000001001000 =
1>
b1110110001101010000000000000000 ?
0D

#1856000
0$
0(

#1860000
0!

#1865000
1!
14
b1000001001000 6
b1110110001101010000000000000000 7
bx :
0<
0>
0C
1E
b1000001001000 G
b1110110001101010000000000000000 H
bx K
1S
1a
b10010 b
bx c
b10010 e
b10 i

#1870000
0!

#1875000
1!
1+
04
b0 :
0E
b0 K
0S
0a
b1110110001101010000000000000000 c

#1880000
0!

#1885000
1!
1%
1)
0+
1,
1/
1C
1D

#1890000
0!

#1895000
1!

#1896000
0,

#1900000
0!
b1000001001100 #
1$
b10011001000000000000000000101 &
1(
0/

#1905000
1!
0%
0)
1<
b1000001001100 =
1>
b10011001000000000000000000101 ?
0D

#1906000
0$
0(

#1910000
0!

#1915000
1!
14
b1000001001100 6
b10011001000000000000000000101 7
bx :
0<
0>
0C
1E
b1000001001100 G
b10011001000000000000000000101 H
bx K
1S
1a
b10011 b
bx c
b10011 e
b11 i

#1920000
0!

#1925000
1!
1+
04
b0 :
0E
b0 K
0S
0a
b10011001000000000000000000101 c

#1930000
0!

#1935000
1!
1%
1)
0+
1,
1/
1C
1D

#1940000
0!

#1945000
1!

#1946000
0,

#1950000
0!
b1000001010000 #
1$
b1010101000100000000000000000101 &
1(
0/

#1955000
1!
0%
0)
1<
b1000001010000 =
1>
b1010101000100000000000000000101 ?
0D

#1956000
0$
0(

#1960000
0!

#1965000
1!
14
b1000001010000 6
b1010101000100000000000000000101 7
bx :
0<
0>
0C
1E
b1000001010000 G
b1010101000100000000000000000101 H
bx K
1S
1a
b10100 b
bx c
b10100 e
b100 i

#1970000
0!

#1975000
1!
1+
04
b0 :
0E
b0 K
0S
0a
b1010101000100000000000000000101 c

#1980000
0!

#1985000
1!
1%
1)
0+
1,
1/
1C
1D

#1990000
0!

#1995000
1!

#1996000
0,

#2000000
0!
b1000001010100 #
1$
b1110110001101010000000000000000 &
1(
0/

#2005000
1!
0%
0)
1<
b1000001010100 =
1>
b1110110001101010000000000000000 ?
0D

#2006000
0$
0(

#2010000
0!

#2015000
1!
14
b1000001010100 6
b1110110001101010000000000000000 7
bx :
0<
0>
0C
1E
b1000001010100 G
b1110110001101010000000000000000 H
bx K
1S
1a
b10101 b
bx c
b10101 e
b101 i

#2020000
0!

#2025000
1!
1+
04
b0 :
0E
b0 K
0S
0a
b1110110001101010000000000000000 c

#2030000
0!

#2035000
1!
1%
1)
0+
1,
1/
1C
1D

#2040000
0!

#2045000
1!

#2046000
0,

#2050000
0!
b1000001011000 #
1$
b10011001000000000000000000110 &
1(
0/

#2055000
1!
0%
0)
1<
b1000001011000 =
1>
b10011001000000000000000000110 ?
0D

#2056000
0$
0(

#2060000
0!

#2065000
1!
14
b1000001011000 6
b10011001000000000000000000110 7
bx :
0<
0>
0C
1E
b1000001011000 G
b10011001000000000000000000110 H
bx K
1S
1a
b10110 b
bx c
b10110 e
b110 i

#2070000
0!

#2075000
1!
1+
04
b0 :
0E
b0 K
0S
0a
b10011001000000000000000000110 c

#2080000
0!

#2085000
1!
1%
1)
0+
1,
1/
1C
1D

#2090000
0!

#2095000
1!

#2096000
0,

#2100000
0!
b1000001011100 #
1$
b1010101000100000000000000000110 &
1(
0/

#2105000
1!
0%
0)
1<
b1000001011100 =
1>
b1010101000100000000000000000110 ?
0D

#2106000
0$
0(

#2110000
0!

#2115000
1!
14
b1000001011100 6
b1010101000100000000000000000110 7
bx :
0<
0>
0C
1E
b1000001011100 G
b1010101000100000000000000000110 H
bx K
1S
1a
b10111 b
bx c
b10111 e
b111 i

#2120000
0!

#2125000
1!
1+
04
b0 :
0E
b0 K
0S
0a
b1010101000100000000000000000110 c

#2130000
0!

#2135000
1!
1%
1)
0+
1,
1/
1C
1D

#2140000
0!

#2145000
1!

#2146000
0,

#2150000
0!
b1000001100000 #
1$
b1110110001101010000000000000000 &
1(
0/

#2155000
1!
0%
0)
1<
b1000001100000 =
1>
b1110110001101010000000000000000 ?
0D

#2156000
0$
0(

#2160000
0!

#2165000
1!
14
b1000001100000 6
b1110110001101010000000000000000 7
bx :
0<
0>
0C
1E
b1000001100000 G
b1110110001101010000000000000000 H
bx K
1S
1a
b11000 b
bx c
b11000 e
b1000 i

#2170000
0!

#2175000
1!
1+
04
b0 :
0E
b0 K
0S
0a
b1110110001101010000000000000000 c

#2180000
0!

#2185000
1!
1%
1)
0+
1,
1/
1C
1D

#2190000
0!

#2195000
1!

#2196000
0,

#2200000
0!
b1000001100100 #
1$
b10011001000000000000000000111 &
1(
0/

#2205000
1!
0%
0)
1<
b1000001100100 =
1>
b10011001000000000000000000111 ?
0D

#2206000
0$
0(

#2210000
0!

#2215000
1!
14
b1000001100100 6
b10011001000000000000000000111 7
bx :
0<
0>
0C
1E
b1000001100100 G
b10011001000000000000000000111 H
bx K
1S
1a
b11001 b
bx c
b11001 e
b1001 i

#2220000
0!

#2225000
1!
1+
04
b0 :
0E
b0 K
0S
0a
b10011001000000000000000000111 c

#2230000
0!

#2235000
1!
1%
1)
0+
1,
1/
1C
1D

#2240000
0!

#2245000
1!

#2246000
0,

#2250000
0!
b1000001101000 #
1$
b1010101000100000000000000000111 &
1(
0/

#2255000
1!
0%
0)
1<
b1000001101000 =
1>
b1010101000100000000000000000111 ?
0D

#2256000
0$
0(

#2260000
0!

#2265000
1!
14
b1000001101000 6
b1010101000100000000000000000111 7
bx :
0<
0>
0C
1E
b1000001101000 G
b1010101000100000000000000000111 H
bx K
1S
1a
b11010 b
bx c
b11010 e
b1010 i

#2270000
0!

#2275000
1!
1+
04
b0 :
0E
b0 K
0S
0a
b1010101000100000000000000000111 c

#2280000
0!

#2285000
1!
1%
1)
0+
1,
1/
1C
1D

#2290000
0!

#2295000
1!

#2296000
0,

#2300000
0!
b1000001101100 #
1$
b1110110001101010000000000000000 &
1(
0/

#2305000
1!
0%
0)
1<
b1000001101100 =
1>
b1110110001101010000000000000000 ?
0D

#2306000
0$
0(

#2310000
0!

#2315000
1!
14
b1000001101100 6
b1110110001101010000000000000000 7
bx :
0<
0>
0C
1E
b1000001101100 G
b1110110001101010000000000000000 H
bx K
1S
1a
b11011 b
bx c
b11011 e
b1011 i

#2320000
0!

#2325000
1!
1+
04
b0 :
0E
b0 K
0S
0a
b1110110001101010000000000000000 c

#2330000
0!

#2335000
1!
1%
1)
0+
1,
1/
1C
1D

#2340000
0!

#2345000
1!

#2346000
0,

#2350000
0!
b1000001110000 #
1$
b110001000100000001000000000000 &
1(
0/

#2355000
1!
0%
0)
1<
b1000001110000 =
1>
b110001000100000001000000000000 ?
0D

#2356000
0$
0(

#2360000
0!

#2365000
1!
14
b1000001110000 6
b110001000100000001000000000000 7
bx :
0<
0>
0C
1E
b1000001110000 G
b110001000100000001000000000000 H
bx K
1S
1a
b11100 b
bx c
b11100 e
b1100 i

#2370000
0!

#2375000
1!
1+
04
b0 :
0E
b0 K
0S
0a
b110001000100000001000000000000 c

#2380000
0!

#2385000
1!
1%
1)
0+
1,
1/
1C
1D

#2390000
0!

#2395000
1!

#2396000
0,

#2400000
0!
b1000001110100 #
1$
b1100000000101100000000000000000 &
1(
0/

#2405000
1!
0%
0)
1<
b1000001110100 =
1>
b1100000000101100000000000000000 ?
0D

#2406000
0$
0(

#2410000
0!

#2415000
1!
14
b1000001110100 6
b1100000000101100000000000000000 7
bx :
0<
0>
0C
1E
b1000001110100 G
b1100000000101100000000000000000 H
bx K
1S
1a
b11101 b
bx c
b11101 e
b1101 i

#2420000
0!

#2425000
1!
1+
04
b0 :
0E
b0 K
0S
0a
b1100000000101100000000000000000 c

#2430000
0!

#2435000
1!
1%
1)
0+
1,
1/
1C
1D

#2440000
0!

#2445000
1!

#2446000
0,

#2450000
0!
b1000001111000 #
1$
b110010001000000000100000000000 &
1(
0/

#2455000
1!
0%
0)
1<
b1000001111000 =
1>
b110010001000000000100000000000 ?
0D

#2456000
0$
0(

#2460000
0!

#2465000
1!
14
b1000001111000 6
b110010001000000000100000000000 7
bx :
0<
0>
0C
1E
b1000001111000 G
b110010001000000000100000000000 H
bx K
1S
1a
b11110 b
bx c
b11110 e
b1110 i

#2470000
0!

#2475000
1!
1+
04
b0 :
0E
b0 K
0S
0a
b110010001000000000100000000000 c

#2480000
0!

#2485000
1!
1%
1)
0+
1,
1/
1C
1D

#2490000
0!

#2495000
1!

#2496000
0,

#2500000
0!
b1000001111100 #
1$
b110001000100000000000000000000 &
1(
0/

#2505000
1!
0%
0)
1<
b1000001111100 =
1>
b110001000100000000000000000000 ?
0D

#2506000
0$
0(

#2510000
0!

#2515000
1!
14
b1000001111100 6
b110001000100000000000000000000 7
bx :
0<
0>
0C
1E
b1000001111100 G
b110001000100000000000000000000 H
bx K
1S
1a
b11111 b
bx c
b11111 e
b1111 i

#2520000
0!

#2525000
1!
1+
04
b0 :
0E
b0 K
0S
0a
b110001000100000000000000000000 c

#2530000
0!

#2535000
1!
1%
1)
0+
1,
1/
1C
1D

#2540000
0!

#2545000
1!

#2546000
0,

#2550000
0!
b1000010000000 #
1$
b1110110000001010000000010000000 &
1(
0/

#2555000
1!
0%
0)
1<
b1000010000000 =
1>
b1110110000001010000000010000000 ?
0D

#2556000
0$
0(

#2560000
0!

#2565000
1!
14
b1000010000000 6
b1110110000001010000000010000000 7
bx :
0<
0>
0C
1E
b1000010000000 G
b1110110000001010000000010000000 H
bx K
1S
1a
b100000 b
bx c
b100000 e
b1000010 h
b0 i

#2570000
0!

#2575000
1!
1+
04
b0 :
0E
b0 K
0S
0a
b1110110000001010000000010000000 c

#2580000
0!

#2585000
1!
1%
1)
0+
1,
1/
1C
1D

#2590000
0!

#2595000
1!

#2596000
0,

#2600000
0!
b1000010000100 #
1$
b10011001000000000000000000000 &
1(
0/

#2605000
1!
0%
0)
1<
b1000010000100 =
1>
b10011001000000000000000000000 ?
0D

#2606000
0$
0(

#2610000
0!

#2615000
1!
14
b1000010000100 6
b10011001000000000000000000000 7
bx :
0<
0>
0C
1E
b1000010000100 G
b10011001000000000000000000000 H
bx K
1S
1a
b100001 b
bx c
b100001 e
b1 i

#2620000
0!

#2625000
1!
1+
04
b0 :
0E
b0 K
0S
0a
b10011001000000000000000000000 c

#2630000
0!

#2635000
1!
1%
1)
0+
1,
1/
1C
1D

#2640000
0!

#2645000
1!

#2646000
0,

#2650000
0!
b1000010001000 #
1$
b1010101000100000000000000000000 &
1(
0/

#2655000
1!
0%
0)
1<
b1000010001000 =
1>
b1010101000100000000000000000000 ?
0D

#2656000
0$
0(

#2660000
0!

#2665000
1!
14
b1000010001000 6
b1010101000100000000000000000000 7
bx :
0<
0>
0C
1E
b1000010001000 G
b1010101000100000000000000000000 H
bx K
1S
1a
b100010 b
bx c
b100010 e
b10 i

#2670000
0!

#2675000
1!
1+
04
b0 :
0E
b0 K
0S
0a
b1010101000100000000000000000000 c

#2680000
0!

#2685000
1!
1%
1)
0+
1,
1/
1C
1D

#2690000
0!

#2695000
1!

#2696000
0,

#2700000
0!
b1000010001100 #
1$
b1110110001101010000000000000000 &
1(
0/

#2705000
1!
0%
0)
1<
b1000010001100 =
1>
b1110110001101010000000000000000 ?
0D

#2706000
0$
0(

#2710000
0!

#2715000
1!
14
b1000010001100 6
b1110110001101010000000000000000 7
bx :
0<
0>
0C
1E
b1000010001100 G
b1110110001101010000000000000000 H
bx K
1S
1a
b100011 b
bx c
b100011 e
b11 i

#2720000
0!

#2725000
1!
1+
04
b0 :
0E
b0 K
0S
0a
b1110110001101010000000000000000 c

#2730000
0!

#2735000
1!
1%
1)
0+
1,
1/
1C
1D

#2740000
0!

#2745000
1!

#2746000
0,

#2750000
0!
b1000010010000 #
1$
b10011001000000000000000000001 &
1(
0/

#2755000
1!
0%
0)
1<
b1000010010000 =
1>
b10011001000000000000000000001 ?
0D

#2756000
0$
0(

#2760000
0!

#2765000
1!
14
b1000010010000 6
b10011001000000000000000000001 7
bx :
0<
0>
0C
1E
b1000010010000 G
b10011001000000000000000000001 H
bx K
1S
1a
b100100 b
bx c
b100100 e
b100 i

#2770000
0!

#2775000
1!
1+
04
b0 :
0E
b0 K
0S
0a
b10011001000000000000000000001 c

#2780000
0!

#2785000
1!
1%
1)
0+
1,
1/
1C
1D

#2790000
0!

#2795000
1!

#2796000
0,

#2800000
0!
b1000010010100 #
1$
b1010101000100000000000000000001 &
1(
0/

#2805000
1!
0%
0)
1<
b1000010010100 =
1>
b1010101000100000000000000000001 ?
0D

#2806000
0$
0(

#2810000
0!

#2815000
1!
14
b1000010010100 6
b1010101000100000000000000000001 7
bx :
0<
0>
0C
1E
b1000010010100 G
b1010101000100000000000000000001 H
bx K
1S
1a
b100101 b
bx c
b100101 e
b101 i

#2820000
0!

#2825000
1!
1+
04
b0 :
0E
b0 K
0S
0a
b1010101000100000000000000000001 c

#2830000
0!

#2835000
1!
1%
1)
0+
1,
1/
1C
1D

#2840000
0!

#2845000
1!

#2846000
0,

#2850000
0!
b1000010011000 #
1$
b1110110001101010000000000000000 &
1(
0/

#2855000
1!
0%
0)
1<
b1000010011000 =
1>
b1110110001101010000000000000000 ?
0D

#2856000
0$
0(

#2860000
0!

#2865000
1!
14
b1000010011000 6
b1110110001101010000000000000000 7
bx :
0<
0>
0C
1E
b1000010011000 G
b1110110001101010000000000000000 H
bx K
1S
1a
b100110 b
bx c
b100110 e
b110 i

#2870000
0!

#2875000
1!
1+
04
b0 :
0E
b0 K
0S
0a
b1110110001101010000000000000000 c

#2880000
0!

#2885000
1!
1%
1)
0+
1,
1/
1C
1D

#2890000
0!

#2895000
1!

#2896000
0,

#2900000
0!
b1000010011100 #
1$
b10011001000000000000000000010 &
1(
0/

#2905000
1!
0%
0)
1<
b1000010011100 =
1>
b10011001000000000000000000010 ?
0D

#2906000
0$
0(

#2910000
0!

#2915000
1!
14
b1000010011100 6
b10011001000000000000000000010 7
bx :
0<
0>
0C
1E
b1000010011100 G
b10011001000000000000000000010 H
bx K
1S
1a
b100111 b
bx c
b100111 e
b111 i

#2920000
0!

#2925000
1!
1+
04
b0 :
0E
b0 K
0S
0a
b10011001000000000000000000010 c

#2930000
0!

#2935000
1!
1%
1)
0+
1,
1/
1C
1D

#2940000
0!

#2945000
1!

#2946000
0,

#2950000
0!
b1000010100000 #
1$
b1010101000100000000000000000010 &
1(
0/

#2955000
1!
0%
0)
1<
b1000010100000 =
1>
b1010101000100000000000000000010 ?
0D

#2956000
0$
0(

#2960000
0!

#2965000
1!
14
b1000010100000 6
b1010101000100000000000000000010 7
bx :
0<
0>
0C
1E
b1000010100000 G
b1010101000100000000000000000010 H
bx K
1S
1a
b101000 b
bx c
b101000 e
b1000 i

#2970000
0!

#2975000
1!
1+
04
b0 :
0E
b0 K
0S
0a
b1010101000100000000000000000010 c

#2980000
0!

#2985000
1!
1%
1)
0+
1,
1/
1C
1D

#2990000
0!

#2995000
1!

#2996000
0,

#3000000
0!
b1000010100100 #
1$
b1110110001101010000000000000000 &
1(
0/

#3005000
1!
0%
0)
1<
b1000010100100 =
1>
b1110110001101010000000000000000 ?
0D

#3006000
0$
0(

#3010000
0!

#3015000
1!
14
b1000010100100 6
b1110110001101010000000000000000 7
bx :
0<
0>
0C
1E
b1000010100100 G
b1110110001101010000000000000000 H
bx K
1S
1a
b101001 b
bx c
b101001 e
b1001 i

#3020000
0!

#3025000
1!
1+
04
b0 :
0E
b0 K
0S
0a
b1110110001101010000000000000000 c

#3030000
0!

#3035000
1!
1%
1)
0+
1,
1/
1C
1D

#3040000
0!

#3045000
1!

#3046000
0,

#3050000
0!
b1000010101000 #
1$
b10011001000000000000000000011 &
1(
0/

#3055000
1!
0%
0)
1<
b1000010101000 =
1>
b10011001000000000000000000011 ?
0D

#3056000
0$
0(

#3060000
0!

#3065000
1!
14
b1000010101000 6
b10011001000000000000000000011 7
bx :
0<
0>
0C
1E
b1000010101000 G
b10011001000000000000000000011 H
bx K
1S
1a
b101010 b
bx c
b101010 e
b1010 i

#3070000
0!

#3075000
1!
1+
04
b0 :
0E
b0 K
0S
0a
b10011001000000000000000000011 c

#3080000
0!

#3085000
1!
1%
1)
0+
1,
1/
1C
1D

#3090000
0!

#3095000
1!

#3096000
0,

#3100000
0!
b1000010101100 #
1$
b1010101000100000000000000000011 &
1(
0/

#3105000
1!
0%
0)
1<
b1000010101100 =
1>
b1010101000100000000000000000011 ?
0D

#3106000
0$
0(

#3110000
0!

#3115000
1!
14
b1000010101100 6
b1010101000100000000000000000011 7
bx :
0<
0>
0C
1E
b1000010101100 G
b1010101000100000000000000000011 H
bx K
1S
1a
b101011 b
bx c
b101011 e
b1011 i

#3120000
0!

#3125000
1!
1+
04
b0 :
0E
b0 K
0S
0a
b1010101000100000000000000000011 c

#3130000
0!

#3135000
1!
1%
1)
0+
1,
1/
1C
1D

#3140000
0!

#3145000
1!

#3146000
0,

#3150000
0!
b1000010110000 #
1$
b1110110001101010000000000000000 &
1(
0/

#3155000
1!
0%
0)
1<
b1000010110000 =
1>
b1110110001101010000000000000000 ?
0D

#3156000
0$
0(

#3160000
0!

#3165000
1!
14
b1000010110000 6
b1110110001101010000000000000000 7
bx :
0<
0>
0C
1E
b1000010110000 G
b1110110001101010000000000000000 H
bx K
1S
1a
b101100 b
bx c
b101100 e
b1100 i

#3170000
0!

#3175000
1!
1+
04
b0 :
0E
b0 K
0S
0a
b1110110001101010000000000000000 c

#3180000
0!

#3185000
1!
1%
1)
0+
1,
1/
1C
1D

#3190000
0!

#3195000
1!

#3196000
0,

#3200000
0!
b1000010110100 #
1$
b10011001000000000000000000100 &
1(
0/

#3205000
1!
0%
0)
1<
b1000010110100 =
1>
b10011001000000000000000000100 ?
0D

#3206000
0$
0(

#3210000
0!

#3215000
1!
14
b1000010110100 6
b10011001000000000000000000100 7
bx :
0<
0>
0C
1E
b1000010110100 G
b10011001000000000000000000100 H
bx K
1S
1a
b101101 b
bx c
b101101 e
b1101 i

#3220000
0!

#3225000
1!
1+
04
b0 :
0E
b0 K
0S
0a
b10011001000000000000000000100 c

#3230000
0!

#3235000
1!
1%
1)
0+
1,
1/
1C
1D

#3240000
0!

#3245000
1!

#3246000
0,

#3250000
0!
b1000010111000 #
1$
b1010101000100000000000000000100 &
1(
0/

#3255000
1!
0%
0)
1<
b1000010111000 =
1>
b1010101000100000000000000000100 ?
0D

#3256000
0$
0(

#3260000
0!

#3265000
1!
14
b1000010111000 6
b1010101000100000000000000000100 7
bx :
0<
0>
0C
1E
b1000010111000 G
b1010101000100000000000000000100 H
bx K
1S
1a
b101110 b
bx c
b101110 e
b1110 i

#3270000
0!

#3275000
1!
1+
04
b0 :
0E
b0 K
0S
0a
b1010101000100000000000000000100 c

#3280000
0!

#3285000
1!
1%
1)
0+
1,
1/
1C
1D

#3290000
0!

#3295000
1!

#3296000
0,

#3300000
0!
b1000010111100 #
1$
b1110110001101010000000000000000 &
1(
0/

#3305000
1!
0%
0)
1<
b1000010111100 =
1>
b1110110001101010000000000000000 ?
0D

#3306000
0$
0(

#3310000
0!

#3315000
1!
14
b1000010111100 6
b1110110001101010000000000000000 7
bx :
0<
0>
0C
1E
b1000010111100 G
b1110110001101010000000000000000 H
bx K
1S
1a
b101111 b
bx c
b101111 e
b1111 i

#3320000
0!

#3325000
1!
1+
04
b0 :
0E
b0 K
0S
0a
b1110110001101010000000000000000 c

#3330000
0!

#3335000
1!
1%
1)
0+
1,
1/
1C
1D

#3340000
0!

#3345000
1!

#3346000
0,

#3350000
0!
b1000011000000 #
1$
b10011001000000000000000000101 &
1(
0/

#3355000
1!
0%
0)
1<
b1000011000000 =
1>
b10011001000000000000000000101 ?
0D

#3356000
0$
0(

#3360000
0!

#3365000
1!
14
b1000011000000 6
b10011001000000000000000000101 7
bx :
0<
0>
0C
1E
b1000011000000 G
b10011001000000000000000000101 H
bx K
1S
1a
b110000 b
bx c
b110000 e
b1000011 h
b0 i

#3370000
0!

#3375000
1!
1+
04
b0 :
0E
b0 K
0S
0a
b10011001000000000000000000101 c

#3380000
0!

#3385000
1!
1%
1)
0+
1,
1/
1C
1D

#3390000
0!

#3395000
1!

#3396000
0,

#3400000
0!
b1000011000100 #
1$
b1010101000100000000000000000101 &
1(
0/

#3405000
1!
0%
0)
1<
b1000011000100 =
1>
b1010101000100000000000000000101 ?
0D

#3406000
0$
0(

#3410000
0!

#3415000
1!
14
b1000011000100 6
b1010101000100000000000000000101 7
bx :
0<
0>
0C
1E
b1000011000100 G
b1010101000100000000000000000101 H
bx K
1S
1a
b110001 b
bx c
b110001 e
b1 i

#3420000
0!

#3425000
1!
1+
04
b0 :
0E
b0 K
0S
0a
b1010101000100000000000000000101 c

#3430000
0!

#3435000
1!
1%
1)
0+
1,
1/
1C
1D

#3440000
0!

#3445000
1!

#3446000
0,

#3450000
0!
b1000011001000 #
1$
b1110110001101010000000000000000 &
1(
0/

#3455000
1!
0%
0)
1<
b1000011001000 =
1>
b1110110001101010000000000000000 ?
0D

#3456000
0$
0(

#3460000
0!

#3465000
1!
14
b1000011001000 6
b1110110001101010000000000000000 7
bx :
0<
0>
0C
1E
b1000011001000 G
b1110110001101010000000000000000 H
bx K
1S
1a
b110010 b
bx c
b110010 e
b10 i

#3470000
0!

#3475000
1!
1+
04
b0 :
0E
b0 K
0S
0a
b1110110001101010000000000000000 c

#3480000
0!

#3485000
1!
1%
1)
0+
1,
1/
1C
1D

#3490000
0!

#3495000
1!

#3496000
0,

#3500000
0!
b1000011001100 #
1$
b10011001000000000000000000110 &
1(
0/

#3505000
1!
0%
0)
1<
b1000011001100 =
1>
b10011001000000000000000000110 ?
0D

#3506000
0$
0(

#3510000
0!

#3515000
1!
14
b1000011001100 6
b10011001000000000000000000110 7
bx :
0<
0>
0C
1E
b1000011001100 G
b10011001000000000000000000110 H
bx K
1S
1a
b110011 b
bx c
b110011 e
b11 i

#3520000
0!

#3525000
1!
1+
04
b0 :
0E
b0 K
0S
0a
b10011001000000000000000000110 c

#3530000
0!

#3535000
1!
1%
1)
0+
1,
1/
1C
1D

#3540000
0!

#3545000
1!

#3546000
0,

#3550000
0!
b1000011010000 #
1$
b1010101000100000000000000000110 &
1(
0/

#3555000
1!
0%
0)
1<
b1000011010000 =
1>
b1010101000100000000000000000110 ?
0D

#3556000
0$
0(

#3560000
0!

#3565000
1!
14
b1000011010000 6
b1010101000100000000000000000110 7
bx :
0<
0>
0C
1E
b1000011010000 G
b1010101000100000000000000000110 H
bx K
1S
1a
b110100 b
bx c
b110100 e
b100 i

#3570000
0!

#3575000
1!
1+
04
b0 :
0E
b0 K
0S
0a
b1010101000100000000000000000110 c

#3580000
0!

#3585000
1!
1%
1)
0+
1,
1/
1C
1D

#3590000
0!

#3595000
1!

#3596000
0,

#3600000
0!
b1000011010100 #
1$
b1110110001101010000000000000000 &
1(
0/

#3605000
1!
0%
0)
1<
b1000011010100 =
1>
b1110110001101010000000000000000 ?
0D

#3606000
0$
0(

#3610000
0!

#3615000
1!
14
b1000011010100 6
b1110110001101010000000000000000 7
bx :
0<
0>
0C
1E
b1000011010100 G
b1110110001101010000000000000000 H
bx K
1S
1a
b110101 b
bx c
b110101 e
b101 i

#3620000
0!

#3625000
1!
1+
04
b0 :
0E
b0 K
0S
0a
b1110110001101010000000000000000 c

#3630000
0!

#3635000
1!
1%
1)
0+
1,
1/
1C
1D

#3640000
0!

#3645000
1!

#3646000
0,

#3650000
0!
b1000011011000 #
1$
b10011001000000000000000000111 &
1(
0/

#3655000
1!
0%
0)
1<
b1000011011000 =
1>
b10011001000000000000000000111 ?
0D

#3656000
0$
0(

#3660000
0!

#3665000
1!
14
b1000011011000 6
b10011001000000000000000000111 7
bx :
0<
0>
0C
1E
b1000011011000 G
b10011001000000000000000000111 H
bx K
1S
1a
b110110 b
bx c
b110110 e
b110 i

#3670000
0!

#3675000
1!
1+
04
b0 :
0E
b0 K
0S
0a
b10011001000000000000000000111 c

#3680000
0!

#3685000
1!
1%
1)
0+
1,
1/
1C
1D

#3690000
0!

#3695000
1!

#3696000
0,

#3700000
0!
b1000011011100 #
1$
b1010101000100000000000000000111 &
1(
0/

#3705000
1!
0%
0)
1<
b1000011011100 =
1>
b1010101000100000000000000000111 ?
0D

#3706000
0$
0(

#3710000
0!

#3715000
1!
14
b1000011011100 6
b1010101000100000000000000000111 7
bx :
0<
0>
0C
1E
b1000011011100 G
b1010101000100000000000000000111 H
bx K
1S
1a
b110111 b
bx c
b110111 e
b111 i

#3720000
0!

#3725000
1!
1+
04
b0 :
0E
b0 K
0S
0a
b1010101000100000000000000000111 c

#3730000
0!

#3735000
1!
1%
1)
0+
1,
1/
1C
1D

#3740000
0!

#3745000
1!

#3746000
0,

#3750000
0!
b1000011100000 #
1$
b1110110001101010000000000000000 &
1(
0/

#3755000
1!
0%
0)
1<
b1000011100000 =
1>
b1110110001101010000000000000000 ?
0D

#3756000
0$
0(

#3760000
0!

#3765000
1!
14
b1000011100000 6
b1110110001101010000000000000000 7
bx :
0<
0>
0C
1E
b1000011100000 G
b1110110001101010000000000000000 H
bx K
1S
1a
b111000 b
bx c
b111000 e
b1000 i

#3770000
0!

#3775000
1!
1+
04
b0 :
0E
b0 K
0S
0a
b1110110001101010000000000000000 c

#3780000
0!

#3785000
1!
1%
1)
0+
1,
1/
1C
1D

#3790000
0!

#3795000
1!

#3796000
0,

#3800000
0!
b1000011100100 #
1$
b110001000100000001000100000000 &
1(
0/

#3805000
1!
0%
0)
1<
b1000011100100 =
1>
b110001000100000001000100000000 ?
0D

#3806000
0$
0(

#3810000
0!

#3815000
1!
14
b1000011100100 6
b110001000100000001000100000000 7
bx :
0<
0>
0C
1E
b1000011100100 G
b110001000100000001000100000000 H
bx K
1S
1a
b111001 b
bx c
b111001 e
b1001 i

#3820000
0!

#3825000
1!
1+
04
b0 :
0E
b0 K
0S
0a
b110001000100000001000100000000 c

#3830000
0!

#3835000
1!
1%
1)
0+
1,
1/
1C
1D

#3840000
0!

#3845000
1!

#3846000
0,

#3850000
0!
b1000011101000 #
1$
b1100000000101100000000000000000 &
1(
0/

#3855000
1!
0%
0)
1<
b1000011101000 =
1>
b1100000000101100000000000000000 ?
0D

#3856000
0$
0(

#3860000
0!

#3865000
1!
14
b1000011101000 6
b1100000000101100000000000000000 7
bx :
0<
0>
0C
1E
b1000011101000 G
b1100000000101100000000000000000 H
bx K
1S
1a
b111010 b
bx c
b111010 e
b1010 i

#3870000
0!

#3875000
1!
1+
04
b0 :
0E
b0 K
0S
0a
b1100000000101100000000000000000 c

#3880000
0!

#3885000
1!
1%
1)
0+
1,
1/
1C
1D

#3890000
0!

#3895000
1!

#3896000
0,

#3900000
0!
b1000011101100 #
1$
b110010001000000001000000000000 &
1(
0/

#3905000
1!
0%
0)
1<
b1000011101100 =
1>
b110010001000000001000000000000 ?
0D

#3906000
0$
0(

#3910000
0!

#3915000
1!
14
b1000011101100 6
b110010001000000001000000000000 7
bx :
0<
0>
0C
1E
b1000011101100 G
b110010001000000001000000000000 H
bx K
1S
1a
b111011 b
bx c
b111011 e
b1011 i

#3920000
0!

#3925000
1!
1+
04
b0 :
0E
b0 K
0S
0a
b110010001000000001000000000000 c

#3930000
0!

#3935000
1!
1%
1)
0+
1,
1/
1C
1D

#3940000
0!

#3945000
1!

#3946000
0,

#3950000
0!
b1000011110000 #
1$
b110001000100000000000000000000 &
1(
0/

#3955000
1!
0%
0)
1<
b1000011110000 =
1>
b110001000100000000000000000000 ?
0D

#3956000
0$
0(

#3960000
0!

#3965000
1!
14
b1000011110000 6
b110001000100000000000000000000 7
bx :
0<
0>
0C
1E
b1000011110000 G
b110001000100000000000000000000 H
bx K
1S
1a
b111100 b
bx c
b111100 e
b1100 i

#3970000
0!

#3975000
1!
1+
04
b0 :
0E
b0 K
0S
0a
b110001000100000000000000000000 c

#3980000
0!

#3985000
1!
1%
1)
0+
1,
1/
1C
1D

#3990000
0!

#3995000
1!

#3996000
0,

#4000000
0!
b1000011110100 #
1$
b1110110000001010000000010000000 &
1(
0/

#4005000
1!
0%
0)
1<
b1000011110100 =
1>
b1110110000001010000000010000000 ?
0D

#4006000
0$
0(

#4010000
0!

#4015000
1!
14
b1000011110100 6
b1110110000001010000000010000000 7
bx :
0<
0>
0C
1E
b1000011110100 G
b1110110000001010000000010000000 H
bx K
1S
1a
b111101 b
bx c
b111101 e
b1101 i

#4020000
0!

#4025000
1!
1+
04
b0 :
0E
b0 K
0S
0a
b1110110000001010000000010000000 c

#4030000
0!

#4035000
1!
1%
1)
0+
1,
1/
1C
1D

#4040000
0!

#4045000
1!

#4046000
0,

#4050000
0!
b1000011111000 #
1$
b10011001000000000000000000000 &
1(
0/

#4055000
1!
0%
0)
1<
b1000011111000 =
1>
b10011001000000000000000000000 ?
0D

#4056000
0$
0(

#4060000
0!

#4065000
1!
14
b1000011111000 6
b10011001000000000000000000000 7
bx :
0<
0>
0C
1E
b1000011111000 G
b10011001000000000000000000000 H
bx K
1S
1a
b111110 b
bx c
b111110 e
b1110 i

#4070000
0!

#4075000
1!
1+
04
b0 :
0E
b0 K
0S
0a
b10011001000000000000000000000 c

#4080000
0!

#4085000
1!
1%
1)
0+
1,
1/
1C
1D

#4090000
0!

#4095000
1!

#4096000
0,

#4100000
0!
b1000011111100 #
1$
b1010101000100000000000000000000 &
1(
0/

#4105000
1!
0%
0)
1<
b1000011111100 =
1>
b1010101000100000000000000000000 ?
0D

#4106000
0$
0(

#4110000
0!

#4115000
1!
14
b1000011111100 6
b1010101000100000000000000000000 7
bx :
0<
0>
0C
1E
b1000011111100 G
b1010101000100000000000000000000 H
bx K
1S
1a
b111111 b
bx c
b111111 e
b1111 i

#4120000
0!

#4125000
1!
1+
04
b0 :
0E
b0 K
0S
0a
b1010101000100000000000000000000 c

#4130000
0!

#4135000
1!
1%
1)
0+
1,
1/
1C
1D

#4140000
0!

#4145000
1!

#4146000
0,

#4150000
0!
b1000100000000 #
1$
b1110110001101010000000000000000 &
1(
0/

#4155000
1!
0%
0)
1<
b1000100000000 =
1>
b1110110001101010000000000000000 ?
0D

#4156000
0$
0(

#4160000
0!

#4165000
1!
14
b1000100000000 6
b1110110001101010000000000000000 7
bx :
0<
0>
0C
1E
b1000100000000 G
b1110110001101010000000000000000 H
bx K
1S
1a
b1000000 b
bx c
b1000000 e
b1000100 h
b0 i

#4170000
0!

#4175000
1!
1+
04
b0 :
0E
b0 K
0S
0a
b1110110001101010000000000000000 c

#4180000
0!

#4185000
1!
1%
1)
0+
1,
1/
1C
1D

#4190000
0!

#4195000
1!

#4196000
0,

#4200000
0!
b1000100000100 #
1$
b10011001000000000000000000001 &
1(
0/

#4205000
1!
0%
0)
1<
b1000100000100 =
1>
b10011001000000000000000000001 ?
0D

#4206000
0$
0(

#4210000
0!

#4215000
1!
14
b1000100000100 6
b10011001000000000000000000001 7
bx :
0<
0>
0C
1E
b1000100000100 G
b10011001000000000000000000001 H
bx K
1S
1a
b1000001 b
bx c
b1000001 e
b1 i

#4220000
0!

#4225000
1!
1+
04
b0 :
0E
b0 K
0S
0a
b10011001000000000000000000001 c

#4230000
0!

#4235000
1!
1%
1)
0+
1,
1/
1C
1D

#4240000
0!

#4245000
1!

#4246000
0,

#4250000
0!
b1000100001000 #
1$
b1010101000100000000000000000001 &
1(
0/

#4255000
1!
0%
0)
1<
b1000100001000 =
1>
b1010101000100000000000000000001 ?
0D

#4256000
0$
0(

#4260000
0!

#4265000
1!
14
b1000100001000 6
b1010101000100000000000000000001 7
bx :
0<
0>
0C
1E
b1000100001000 G
b1010101000100000000000000000001 H
bx K
1S
1a
b1000010 b
bx c
b1000010 e
b10 i

#4270000
0!

#4275000
1!
1+
04
b0 :
0E
b0 K
0S
0a
b1010101000100000000000000000001 c

#4280000
0!

#4285000
1!
1%
1)
0+
1,
1/
1C
1D

#4290000
0!

#4295000
1!

#4296000
0,

#4300000
0!
b1000100001100 #
1$
b1110110001101010000000000000000 &
1(
0/

#4305000
1!
0%
0)
1<
b1000100001100 =
1>
b1110110001101010000000000000000 ?
0D

#4306000
0$
0(

#4310000
0!

#4315000
1!
14
b1000100001100 6
b1110110001101010000000000000000 7
bx :
0<
0>
0C
1E
b1000100001100 G
b1110110001101010000000000000000 H
bx K
1S
1a
b1000011 b
bx c
b1000011 e
b11 i

#4320000
0!

#4325000
1!
1+
04
b0 :
0E
b0 K
0S
0a
b1110110001101010000000000000000 c

#4330000
0!

#4335000
1!
1%
1)
0+
1,
1/
1C
1D

#4340000
0!

#4345000
1!

#4346000
0,

#4350000
0!
b1000100010000 #
1$
b10011001000000000000000000010 &
1(
0/

#4355000
1!
0%
0)
1<
b1000100010000 =
1>
b10011001000000000000000000010 ?
0D

#4356000
0$
0(

#4360000
0!

#4365000
1!
14
b1000100010000 6
b10011001000000000000000000010 7
bx :
0<
0>
0C
1E
b1000100010000 G
b10011001000000000000000000010 H
bx K
1S
1a
b1000100 b
bx c
b1000100 e
b100 i

#4370000
0!

#4375000
1!
1+
04
b0 :
0E
b0 K
0S
0a
b10011001000000000000000000010 c

#4380000
0!

#4385000
1!
1%
1)
0+
1,
1/
1C
1D

#4390000
0!

#4395000
1!

#4396000
0,

#4400000
0!
b1000100010100 #
1$
b1010101000100000000000000000010 &
1(
0/

#4405000
1!
0%
0)
1<
b1000100010100 =
1>
b1010101000100000000000000000010 ?
0D

#4406000
0$
0(

#4410000
0!

#4415000
1!
14
b1000100010100 6
b1010101000100000000000000000010 7
bx :
0<
0>
0C
1E
b1000100010100 G
b1010101000100000000000000000010 H
bx K
1S
1a
b1000101 b
bx c
b1000101 e
b101 i

#4420000
0!

#4425000
1!
1+
04
b0 :
0E
b0 K
0S
0a
b1010101000100000000000000000010 c

#4430000
0!

#4435000
1!
1%
1)
0+
1,
1/
1C
1D

#4440000
0!

#4445000
1!

#4446000
0,

#4450000
0!
b1000100011000 #
1$
b1110110001101010000000000000000 &
1(
0/

#4455000
1!
0%
0)
1<
b1000100011000 =
1>
b1110110001101010000000000000000 ?
0D

#4456000
0$
0(

#4460000
0!

#4465000
1!
14
b1000100011000 6
b1110110001101010000000000000000 7
bx :
0<
0>
0C
1E
b1000100011000 G
b1110110001101010000000000000000 H
bx K
1S
1a
b1000110 b
bx c
b1000110 e
b110 i

#4470000
0!

#4475000
1!
1+
04
b0 :
0E
b0 K
0S
0a
b1110110001101010000000000000000 c

#4480000
0!

#4485000
1!
1%
1)
0+
1,
1/
1C
1D

#4490000
0!

#4495000
1!

#4496000
0,

#4500000
0!
b1000100011100 #
1$
b10011001000000000000000000011 &
1(
0/

#4505000
1!
0%
0)
1<
b1000100011100 =
1>
b10011001000000000000000000011 ?
0D

#4506000
0$
0(

#4510000
0!

#4515000
1!
14
b1000100011100 6
b10011001000000000000000000011 7
bx :
0<
0>
0C
1E
b1000100011100 G
b10011001000000000000000000011 H
bx K
1S
1a
b1000111 b
bx c
b1000111 e
b111 i

#4520000
0!

#4525000
1!
1+
04
b0 :
0E
b0 K
0S
0a
b10011001000000000000000000011 c

#4530000
0!

#4535000
1!
1%
1)
0+
1,
1/
1C
1D

#4540000
0!

#4545000
1!

#4546000
0,

#4550000
0!
b1000100100000 #
1$
b1010101000100000000000000000011 &
1(
0/

#4555000
1!
0%
0)
1<
b1000100100000 =
1>
b1010101000100000000000000000011 ?
0D

#4556000
0$
0(

#4560000
0!

#4565000
1!
14
b1000100100000 6
b1010101000100000000000000000011 7
bx :
0<
0>
0C
1E
b1000100100000 G
b1010101000100000000000000000011 H
bx K
1S
1a
b1001000 b
bx c
b1001000 e
b1000 i

#4570000
0!

#4575000
1!
1+
04
b0 :
0E
b0 K
0S
0a
b1010101000100000000000000000011 c

#4580000
0!

#4585000
1!
1%
1)
0+
1,
1/
1C
1D

#4590000
0!

#4595000
1!

#4596000
0,

#4600000
0!
b1000100100100 #
1$
b1110110001101010000000000000000 &
1(
0/

#4605000
1!
0%
0)
1<
b1000100100100 =
1>
b1110110001101010000000000000000 ?
0D

#4606000
0$
0(

#4610000
0!

#4615000
1!
14
b1000100100100 6
b1110110001101010000000000000000 7
bx :
0<
0>
0C
1E
b1000100100100 G
b1110110001101010000000000000000 H
bx K
1S
1a
b1001001 b
bx c
b1001001 e
b1001 i

#4620000
0!

#4625000
1!
1+
04
b0 :
0E
b0 K
0S
0a
b1110110001101010000000000000000 c

#4630000
0!

#4635000
1!
1%
1)
0+
1,
1/
1C
1D

#4640000
0!

#4645000
1!

#4646000
0,

#4650000
0!
b1000100101000 #
1$
b10011001000000000000000000100 &
1(
0/

#4655000
1!
0%
0)
1<
b1000100101000 =
1>
b10011001000000000000000000100 ?
0D

#4656000
0$
0(

#4660000
0!

#4665000
1!
14
b1000100101000 6
b10011001000000000000000000100 7
bx :
0<
0>
0C
1E
b1000100101000 G
b10011001000000000000000000100 H
bx K
1S
1a
b1001010 b
bx c
b1001010 e
b1010 i

#4670000
0!

#4675000
1!
1+
04
b0 :
0E
b0 K
0S
0a
b10011001000000000000000000100 c

#4680000
0!

#4685000
1!
1%
1)
0+
1,
1/
1C
1D

#4690000
0!

#4695000
1!

#4696000
0,

#4700000
0!
b1000100101100 #
1$
b1010101000100000000000000000100 &
1(
0/

#4705000
1!
0%
0)
1<
b1000100101100 =
1>
b1010101000100000000000000000100 ?
0D

#4706000
0$
0(

#4710000
0!

#4715000
1!
14
b1000100101100 6
b1010101000100000000000000000100 7
bx :
0<
0>
0C
1E
b1000100101100 G
b1010101000100000000000000000100 H
bx K
1S
1a
b1001011 b
bx c
b1001011 e
b1011 i

#4720000
0!

#4725000
1!
1+
04
b0 :
0E
b0 K
0S
0a
b1010101000100000000000000000100 c

#4730000
0!

#4735000
1!
1%
1)
0+
1,
1/
1C
1D

#4740000
0!

#4745000
1!

#4746000
0,

#4750000
0!
b1000100110000 #
1$
b1110110001101010000000000000000 &
1(
0/

#4755000
1!
0%
0)
1<
b1000100110000 =
1>
b1110110001101010000000000000000 ?
0D

#4756000
0$
0(

#4760000
0!

#4765000
1!
14
b1000100110000 6
b1110110001101010000000000000000 7
bx :
0<
0>
0C
1E
b1000100110000 G
b1110110001101010000000000000000 H
bx K
1S
1a
b1001100 b
bx c
b1001100 e
b1100 i

#4770000
0!

#4775000
1!
1+
04
b0 :
0E
b0 K
0S
0a
b1110110001101010000000000000000 c

#4780000
0!

#4785000
1!
1%
1)
0+
1,
1/
1C
1D

#4790000
0!

#4795000
1!

#4796000
0,

#4800000
0!
b1000100110100 #
1$
b10011001000000000000000000101 &
1(
0/

#4805000
1!
0%
0)
1<
b1000100110100 =
1>
b10011001000000000000000000101 ?
0D

#4806000
0$
0(

#4810000
0!

#4815000
1!
14
b1000100110100 6
b10011001000000000000000000101 7
bx :
0<
0>
0C
1E
b1000100110100 G
b10011001000000000000000000101 H
bx K
1S
1a
b1001101 b
bx c
b1001101 e
b1101 i

#4820000
0!

#4825000
1!
1+
04
b0 :
0E
b0 K
0S
0a
b10011001000000000000000000101 c

#4830000
0!

#4835000
1!
1%
1)
0+
1,
1/
1C
1D

#4840000
0!

#4845000
1!

#4846000
0,

#4850000
0!
b1000100111000 #
1$
b1010101000100000000000000000101 &
1(
0/

#4855000
1!
0%
0)
1<
b1000100111000 =
1>
b1010101000100000000000000000101 ?
0D

#4856000
0$
0(

#4860000
0!

#4865000
1!
14
b1000100111000 6
b1010101000100000000000000000101 7
bx :
0<
0>
0C
1E
b1000100111000 G
b1010101000100000000000000000101 H
bx K
1S
1a
b1001110 b
bx c
b1001110 e
b1110 i

#4870000
0!

#4875000
1!
1+
04
b0 :
0E
b0 K
0S
0a
b1010101000100000000000000000101 c

#4880000
0!

#4885000
1!
1%
1)
0+
1,
1/
1C
1D

#4890000
0!

#4895000
1!

#4896000
0,

#4900000
0!
b1000100111100 #
1$
b1110110001101010000000000000000 &
1(
0/

#4905000
1!
0%
0)
1<
b1000100111100 =
1>
b1110110001101010000000000000000 ?
0D

#4906000
0$
0(

#4910000
0!

#4915000
1!
14
b1000100111100 6
b1110110001101010000000000000000 7
bx :
0<
0>
0C
1E
b1000100111100 G
b1110110001101010000000000000000 H
bx K
1S
1a
b1001111 b
bx c
b1001111 e
b1111 i

#4920000
0!

#4925000
1!
1+
04
b0 :
0E
b0 K
0S
0a
b1110110001101010000000000000000 c

#4930000
0!

#4935000
1!
1%
1)
0+
1,
1/
1C
1D

#4940000
0!

#4945000
1!

#4946000
0,

#4950000
0!
b1000101000000 #
1$
b10011001000000000000000000110 &
1(
0/

#4955000
1!
0%
0)
1<
b1000101000000 =
1>
b10011001000000000000000000110 ?
0D

#4956000
0$
0(

#4960000
0!

#4965000
1!
14
b1000101000000 6
b10011001000000000000000000110 7
bx :
0<
0>
0C
1E
b1000101000000 G
b10011001000000000000000000110 H
bx K
1S
1a
b1010000 b
bx c
b1010000 e
b1000101 h
b0 i

#4970000
0!

#4975000
1!
1+
04
b0 :
0E
b0 K
0S
0a
b10011001000000000000000000110 c

#4980000
0!

#4985000
1!
1%
1)
0+
1,
1/
1C
1D

#4990000
0!

#4995000
1!

#4996000
0,

#5000000
0!
b1000101000100 #
1$
b1010101000100000000000000000110 &
1(
0/

#5005000
1!
0%
0)
1<
b1000101000100 =
1>
b1010101000100000000000000000110 ?
0D

#5006000
0$
0(

#5010000
0!

#5015000
1!
14
b1000101000100 6
b1010101000100000000000000000110 7
bx :
0<
0>
0C
1E
b1000101000100 G
b1010101000100000000000000000110 H
bx K
1S
1a
b1010001 b
bx c
b1010001 e
b1 i

#5020000
0!

#5025000
1!
1+
04
b0 :
0E
b0 K
0S
0a
b1010101000100000000000000000110 c

#5030000
0!

#5035000
1!
1%
1)
0+
1,
1/
1C
1D

#5040000
0!

#5045000
1!

#5046000
0,

#5050000
0!
b1000101001000 #
1$
b1110110001101010000000000000000 &
1(
0/

#5055000
1!
0%
0)
1<
b1000101001000 =
1>
b1110110001101010000000000000000 ?
0D

#5056000
0$
0(

#5060000
0!

#5065000
1!
14
b1000101001000 6
b1110110001101010000000000000000 7
bx :
0<
0>
0C
1E
b1000101001000 G
b1110110001101010000000000000000 H
bx K
1S
1a
b1010010 b
bx c
b1010010 e
b10 i

#5070000
0!

#5075000
1!
1+
04
b0 :
0E
b0 K
0S
0a
b1110110001101010000000000000000 c

#5080000
0!

#5085000
1!
1%
1)
0+
1,
1/
1C
1D

#5090000
0!

#5095000
1!

#5096000
0,

#5100000
0!
b1000101001100 #
1$
b10011001000000000000000000111 &
1(
0/

#5105000
1!
0%
0)
1<
b1000101001100 =
1>
b10011001000000000000000000111 ?
0D

#5106000
0$
0(

#5110000
0!

#5115000
1!
14
b1000101001100 6
b10011001000000000000000000111 7
bx :
0<
0>
0C
1E
b1000101001100 G
b10011001000000000000000000111 H
bx K
1S
1a
b1010011 b
bx c
b1010011 e
b11 i

#5120000
0!

#5125000
1!
1+
04
b0 :
0E
b0 K
0S
0a
b10011001000000000000000000111 c

#5130000
0!

#5135000
1!
1%
1)
0+
1,
1/
1C
1D

#5140000
0!

#5145000
1!

#5146000
0,

#5150000
0!
b1000101010000 #
1$
b1010101000100000000000000000111 &
1(
0/

#5155000
1!
0%
0)
1<
b1000101010000 =
1>
b1010101000100000000000000000111 ?
0D

#5156000
0$
0(

#5160000
0!

#5165000
1!
14
b1000101010000 6
b1010101000100000000000000000111 7
bx :
0<
0>
0C
1E
b1000101010000 G
b1010101000100000000000000000111 H
bx K
1S
1a
b1010100 b
bx c
b1010100 e
b100 i

#5170000
0!

#5175000
1!
1+
04
b0 :
0E
b0 K
0S
0a
b1010101000100000000000000000111 c

#5180000
0!

#5185000
1!
1%
1)
0+
1,
1/
1C
1D

#5190000
0!

#5195000
1!

#5196000
0,

#5200000
0!
b1000101010100 #
1$
b1110110001101010000000000000000 &
1(
0/

#5205000
1!
0%
0)
1<
b1000101010100 =
1>
b1110110001101010000000000000000 ?
0D

#5206000
0$
0(

#5210000
0!

#5215000
1!
14
b1000101010100 6
b1110110001101010000000000000000 7
bx :
0<
0>
0C
1E
b1000101010100 G
b1110110001101010000000000000000 H
bx K
1S
1a
b1010101 b
bx c
b1010101 e
b101 i

#5220000
0!

#5225000
1!
1+
04
b0 :
0E
b0 K
0S
0a
b1110110001101010000000000000000 c

#5230000
0!

#5235000
1!
1%
1)
0+
1,
1/
1C
1D

#5240000
0!

#5245000
1!

#5246000
0,

#5250000
0!
b1000101011000 #
1$
b110001000100000001001000000000 &
1(
0/

#5255000
1!
0%
0)
1<
b1000101011000 =
1>
b110001000100000001001000000000 ?
0D

#5256000
0$
0(

#5260000
0!

#5265000
1!
14
b1000101011000 6
b110001000100000001001000000000 7
bx :
0<
0>
0C
1E
b1000101011000 G
b110001000100000001001000000000 H
bx K
1S
1a
b1010110 b
bx c
b1010110 e
b110 i

#5270000
0!

#5275000
1!
1+
04
b0 :
0E
b0 K
0S
0a
b110001000100000001001000000000 c

#5280000
0!

#5285000
1!
1%
1)
0+
1,
1/
1C
1D

#5290000
0!

#5295000
1!

#5296000
0,

#5300000
0!
b1000101011100 #
1$
b1100000000101100000000000000000 &
1(
0/

#5305000
1!
0%
0)
1<
b1000101011100 =
1>
b1100000000101100000000000000000 ?
0D

#5306000
0$
0(

#5310000
0!

#5315000
1!
14
b1000101011100 6
b1100000000101100000000000000000 7
bx :
0<
0>
0C
1E
b1000101011100 G
b1100000000101100000000000000000 H
bx K
1S
1a
b1010111 b
bx c
b1010111 e
b111 i

#5320000
0!

#5325000
1!
1+
04
b0 :
0E
b0 K
0S
0a
b1100000000101100000000000000000 c

#5330000
0!

#5335000
1!
1%
1)
0+
1,
1/
1C
1D

#5340000
0!

#5345000
1!

#5346000
0,

#5350000
0!
b1000101100000 #
1$
b110010001000000001100000000000 &
1(
0/

#5355000
1!
0%
0)
1<
b1000101100000 =
1>
b110010001000000001100000000000 ?
0D

#5356000
0$
0(

#5360000
0!

#5365000
1!
14
b1000101100000 6
b110010001000000001100000000000 7
bx :
0<
0>
0C
1E
b1000101100000 G
b110010001000000001100000000000 H
bx K
1S
1a
b1011000 b
bx c
b1011000 e
b1000 i

#5370000
0!

#5375000
1!
1+
04
b0 :
0E
b0 K
0S
0a
b110010001000000001100000000000 c

#5380000
0!

#5385000
1!
1%
1)
0+
1,
1/
1C
1D

#5390000
0!

#5395000
1!

#5396000
0,

#5400000
0!
b1000101100100 #
1$
b110001000100000000000000000000 &
1(
0/

#5405000
1!
0%
0)
1<
b1000101100100 =
1>
b110001000100000000000000000000 ?
0D

#5406000
0$
0(

#5410000
0!

#5415000
1!
14
b1000101100100 6
b110001000100000000000000000000 7
bx :
0<
0>
0C
1E
b1000101100100 G
b110001000100000000000000000000 H
bx K
1S
1a
b1011001 b
bx c
b1011001 e
b1001 i

#5420000
0!

#5425000
1!
1+
04
b0 :
0E
b0 K
0S
0a
b110001000100000000000000000000 c

#5430000
0!

#5435000
1!
1%
1)
0+
1,
1/
1C
1D

#5440000
0!

#5445000
1!

#5446000
0,

#5450000
0!
b1000101101000 #
1$
b1110110000001010000000010000000 &
1(
0/

#5455000
1!
0%
0)
1<
b1000101101000 =
1>
b1110110000001010000000010000000 ?
0D

#5456000
0$
0(

#5460000
0!

#5465000
1!
14
b1000101101000 6
b1110110000001010000000010000000 7
bx :
0<
0>
0C
1E
b1000101101000 G
b1110110000001010000000010000000 H
bx K
1S
1a
b1011010 b
bx c
b1011010 e
b1010 i

#5470000
0!

#5475000
1!
1+
04
b0 :
0E
b0 K
0S
0a
b1110110000001010000000010000000 c

#5480000
0!

#5485000
1!
1%
1)
0+
1,
1/
1C
1D

#5490000
0!

#5495000
1!

#5496000
0,

#5500000
0!
b1000101101100 #
1$
b10011001000000000000000000000 &
1(
0/

#5505000
1!
0%
0)
1<
b1000101101100 =
1>
b10011001000000000000000000000 ?
0D

#5506000
0$
0(

#5510000
0!

#5515000
1!
14
b1000101101100 6
b10011001000000000000000000000 7
bx :
0<
0>
0C
1E
b1000101101100 G
b10011001000000000000000000000 H
bx K
1S
1a
b1011011 b
bx c
b1011011 e
b1011 i

#5520000
0!

#5525000
1!
1+
04
b0 :
0E
b0 K
0S
0a
b10011001000000000000000000000 c

#5530000
0!

#5535000
1!
1%
1)
0+
1,
1/
1C
1D

#5540000
0!

#5545000
1!

#5546000
0,

#5550000
0!
b1000101110000 #
1$
b1010101000100000000000000000000 &
1(
0/

#5555000
1!
0%
0)
1<
b1000101110000 =
1>
b1010101000100000000000000000000 ?
0D

#5556000
0$
0(

#5560000
0!

#5565000
1!
14
b1000101110000 6
b1010101000100000000000000000000 7
bx :
0<
0>
0C
1E
b1000101110000 G
b1010101000100000000000000000000 H
bx K
1S
1a
b1011100 b
bx c
b1011100 e
b1100 i

#5570000
0!

#5575000
1!
1+
04
b0 :
0E
b0 K
0S
0a
b1010101000100000000000000000000 c

#5580000
0!

#5585000
1!
1%
1)
0+
1,
1/
1C
1D

#5590000
0!

#5595000
1!

#5596000
0,

#5600000
0!
b1000101110100 #
1$
b1110110001101010000000000000000 &
1(
0/

#5605000
1!
0%
0)
1<
b1000101110100 =
1>
b1110110001101010000000000000000 ?
0D

#5606000
0$
0(

#5610000
0!

#5615000
1!
14
b1000101110100 6
b1110110001101010000000000000000 7
bx :
0<
0>
0C
1E
b1000101110100 G
b1110110001101010000000000000000 H
bx K
1S
1a
b1011101 b
bx c
b1011101 e
b1101 i

#5620000
0!

#5625000
1!
1+
04
b0 :
0E
b0 K
0S
0a
b1110110001101010000000000000000 c

#5630000
0!

#5635000
1!
1%
1)
0+
1,
1/
1C
1D

#5640000
0!

#5645000
1!

#5646000
0,

#5650000
0!
b1000101111000 #
1$
b10011001000000000000000000001 &
1(
0/

#5655000
1!
0%
0)
1<
b1000101111000 =
1>
b10011001000000000000000000001 ?
0D

#5656000
0$
0(

#5660000
0!

#5665000
1!
14
b1000101111000 6
b10011001000000000000000000001 7
bx :
0<
0>
0C
1E
b1000101111000 G
b10011001000000000000000000001 H
bx K
1S
1a
b1011110 b
bx c
b1011110 e
b1110 i

#5670000
0!

#5675000
1!
1+
04
b0 :
0E
b0 K
0S
0a
b10011001000000000000000000001 c

#5680000
0!

#5685000
1!
1%
1)
0+
1,
1/
1C
1D

#5690000
0!

#5695000
1!

#5696000
0,

#5700000
0!
b1000101111100 #
1$
b1010101000100000000000000000001 &
1(
0/

#5705000
1!
0%
0)
1<
b1000101111100 =
1>
b1010101000100000000000000000001 ?
0D

#5706000
0$
0(

#5710000
0!

#5715000
1!
14
b1000101111100 6
b1010101000100000000000000000001 7
bx :
0<
0>
0C
1E
b1000101111100 G
b1010101000100000000000000000001 H
bx K
1S
1a
b1011111 b
bx c
b1011111 e
b1111 i

#5720000
0!

#5725000
1!
1+
04
b0 :
0E
b0 K
0S
0a
b1010101000100000000000000000001 c

#5730000
0!

#5735000
1!
1%
1)
0+
1,
1/
1C
1D

#5740000
0!

#5745000
1!

#5746000
0,

#5750000
0!
b1000110000000 #
1$
b1110110001101010000000000000000 &
1(
0/

#5755000
1!
0%
0)
1<
b1000110000000 =
1>
b1110110001101010000000000000000 ?
0D

#5756000
0$
0(

#5760000
0!

#5765000
1!
14
b1000110000000 6
b1110110001101010000000000000000 7
bx :
0<
0>
0C
1E
b1000110000000 G
b1110110001101010000000000000000 H
bx K
1S
1a
b1100000 b
bx c
b1100000 e
b1000110 h
b0 i

#5770000
0!

#5775000
1!
1+
04
b0 :
0E
b0 K
0S
0a
b1110110001101010000000000000000 c

#5780000
0!

#5785000
1!
1%
1)
0+
1,
1/
1C
1D

#5790000
0!

#5795000
1!

#5796000
0,

#5800000
0!
b1000110000100 #
1$
b10011001000000000000000000010 &
1(
0/

#5805000
1!
0%
0)
1<
b1000110000100 =
1>
b10011001000000000000000000010 ?
0D

#5806000
0$
0(

#5810000
0!

#5815000
1!
14
b1000110000100 6
b10011001000000000000000000010 7
bx :
0<
0>
0C
1E
b1000110000100 G
b10011001000000000000000000010 H
bx K
1S
1a
b1100001 b
bx c
b1100001 e
b1 i

#5820000
0!

#5825000
1!
1+
04
b0 :
0E
b0 K
0S
0a
b10011001000000000000000000010 c

#5830000
0!

#5835000
1!
1%
1)
0+
1,
1/
1C
1D

#5840000
0!

#5845000
1!

#5846000
0,

#5850000
0!
b1000110001000 #
1$
b1010101000100000000000000000010 &
1(
0/

#5855000
1!
0%
0)
1<
b1000110001000 =
1>
b1010101000100000000000000000010 ?
0D

#5856000
0$
0(

#5860000
0!

#5865000
1!
14
b1000110001000 6
b1010101000100000000000000000010 7
bx :
0<
0>
0C
1E
b1000110001000 G
b1010101000100000000000000000010 H
bx K
1S
1a
b1100010 b
bx c
b1100010 e
b10 i

#5870000
0!

#5875000
1!
1+
04
b0 :
0E
b0 K
0S
0a
b1010101000100000000000000000010 c

#5880000
0!

#5885000
1!
1%
1)
0+
1,
1/
1C
1D

#5890000
0!

#5895000
1!

#5896000
0,

#5900000
0!
b1000110001100 #
1$
b1110110001101010000000000000000 &
1(
0/

#5905000
1!
0%
0)
1<
b1000110001100 =
1>
b1110110001101010000000000000000 ?
0D

#5906000
0$
0(

#5910000
0!

#5915000
1!
14
b1000110001100 6
b1110110001101010000000000000000 7
bx :
0<
0>
0C
1E
b1000110001100 G
b1110110001101010000000000000000 H
bx K
1S
1a
b1100011 b
bx c
b1100011 e
b11 i

#5920000
0!

#5925000
1!
1+
04
b0 :
0E
b0 K
0S
0a
b1110110001101010000000000000000 c

#5930000
0!

#5935000
1!
1%
1)
0+
1,
1/
1C
1D

#5940000
0!

#5945000
1!

#5946000
0,

#5950000
0!
b1000110010000 #
1$
b10011001000000000000000000011 &
1(
0/

#5955000
1!
0%
0)
1<
b1000110010000 =
1>
b10011001000000000000000000011 ?
0D

#5956000
0$
0(

#5960000
0!

#5965000
1!
14
b1000110010000 6
b10011001000000000000000000011 7
bx :
0<
0>
0C
1E
b1000110010000 G
b10011001000000000000000000011 H
bx K
1S
1a
b1100100 b
bx c
b1100100 e
b100 i

#5970000
0!

#5975000
1!
1+
04
b0 :
0E
b0 K
0S
0a
b10011001000000000000000000011 c

#5980000
0!

#5985000
1!
1%
1)
0+
1,
1/
1C
1D

#5990000
0!

#5995000
1!

#5996000
0,

#6000000
0!
b1000110010100 #
1$
b1010101000100000000000000000011 &
1(
0/

#6005000
1!
0%
0)
1<
b1000110010100 =
1>
b1010101000100000000000000000011 ?
0D

#6006000
0$
0(

#6010000
0!

#6015000
1!
14
b1000110010100 6
b1010101000100000000000000000011 7
bx :
0<
0>
0C
1E
b1000110010100 G
b1010101000100000000000000000011 H
bx K
1S
1a
b1100101 b
bx c
b1100101 e
b101 i

#6020000
0!

#6025000
1!
1+
04
b0 :
0E
b0 K
0S
0a
b1010101000100000000000000000011 c

#6030000
0!

#6035000
1!
1%
1)
0+
1,
1/
1C
1D

#6040000
0!

#6045000
1!

#6046000
0,

#6050000
0!
b1000110011000 #
1$
b1110110001101010000000000000000 &
1(
0/

#6055000
1!
0%
0)
1<
b1000110011000 =
1>
b1110110001101010000000000000000 ?
0D

#6056000
0$
0(

#6060000
0!

#6065000
1!
14
b1000110011000 6
b1110110001101010000000000000000 7
bx :
0<
0>
0C
1E
b1000110011000 G
b1110110001101010000000000000000 H
bx K
1S
1a
b1100110 b
bx c
b1100110 e
b110 i

#6070000
0!

#6075000
1!
1+
04
b0 :
0E
b0 K
0S
0a
b1110110001101010000000000000000 c

#6080000
0!

#6085000
1!
1%
1)
0+
1,
1/
1C
1D

#6090000
0!

#6095000
1!

#6096000
0,

#6100000
0!
b1000110011100 #
1$
b10011001000000000000000000100 &
1(
0/

#6105000
1!
0%
0)
1<
b1000110011100 =
1>
b10011001000000000000000000100 ?
0D

#6106000
0$
0(

#6110000
0!

#6115000
1!
14
b1000110011100 6
b10011001000000000000000000100 7
bx :
0<
0>
0C
1E
b1000110011100 G
b10011001000000000000000000100 H
bx K
1S
1a
b1100111 b
bx c
b1100111 e
b111 i

#6120000
0!

#6125000
1!
1+
04
b0 :
0E
b0 K
0S
0a
b10011001000000000000000000100 c

#6130000
0!

#6135000
1!
1%
1)
0+
1,
1/
1C
1D

#6140000
0!

#6145000
1!

#6146000
0,

#6150000
0!
b1000110100000 #
1$
b1010101000100000000000000000100 &
1(
0/

#6155000
1!
0%
0)
1<
b1000110100000 =
1>
b1010101000100000000000000000100 ?
0D

#6156000
0$
0(

#6160000
0!

#6165000
1!
14
b1000110100000 6
b1010101000100000000000000000100 7
bx :
0<
0>
0C
1E
b1000110100000 G
b1010101000100000000000000000100 H
bx K
1S
1a
b1101000 b
bx c
b1101000 e
b1000 i

#6170000
0!

#6175000
1!
1+
04
b0 :
0E
b0 K
0S
0a
b1010101000100000000000000000100 c

#6180000
0!

#6185000
1!
1%
1)
0+
1,
1/
1C
1D

#6190000
0!

#6195000
1!

#6196000
0,

#6200000
0!
b1000110100100 #
1$
b1110110001101010000000000000000 &
1(
0/

#6205000
1!
0%
0)
1<
b1000110100100 =
1>
b1110110001101010000000000000000 ?
0D

#6206000
0$
0(

#6210000
0!

#6215000
1!
14
b1000110100100 6
b1110110001101010000000000000000 7
bx :
0<
0>
0C
1E
b1000110100100 G
b1110110001101010000000000000000 H
bx K
1S
1a
b1101001 b
bx c
b1101001 e
b1001 i

#6220000
0!

#6225000
1!
1+
04
b0 :
0E
b0 K
0S
0a
b1110110001101010000000000000000 c

#6230000
0!

#6235000
1!
1%
1)
0+
1,
1/
1C
1D

#6240000
0!

#6245000
1!

#6246000
0,

#6250000
0!
b1000110101000 #
1$
b10011001000000000000000000101 &
1(
0/

#6255000
1!
0%
0)
1<
b1000110101000 =
1>
b10011001000000000000000000101 ?
0D

#6256000
0$
0(

#6260000
0!

#6265000
1!
14
b1000110101000 6
b10011001000000000000000000101 7
bx :
0<
0>
0C
1E
b1000110101000 G
b10011001000000000000000000101 H
bx K
1S
1a
b1101010 b
bx c
b1101010 e
b1010 i

#6270000
0!

#6275000
1!
1+
04
b0 :
0E
b0 K
0S
0a
b10011001000000000000000000101 c

#6280000
0!

#6285000
1!
1%
1)
0+
1,
1/
1C
1D

#6290000
0!

#6295000
1!

#6296000
0,

#6300000
0!
b1000110101100 #
1$
b1010101000100000000000000000101 &
1(
0/

#6305000
1!
0%
0)
1<
b1000110101100 =
1>
b1010101000100000000000000000101 ?
0D

#6306000
0$
0(

#6310000
0!

#6315000
1!
14
b1000110101100 6
b1010101000100000000000000000101 7
bx :
0<
0>
0C
1E
b1000110101100 G
b1010101000100000000000000000101 H
bx K
1S
1a
b1101011 b
bx c
b1101011 e
b1011 i

#6320000
0!

#6325000
1!
1+
04
b0 :
0E
b0 K
0S
0a
b1010101000100000000000000000101 c

#6330000
0!

#6335000
1!
1%
1)
0+
1,
1/
1C
1D

#6340000
0!

#6345000
1!

#6346000
0,

#6350000
0!
b1000110110000 #
1$
b1110110001101010000000000000000 &
1(
0/

#6355000
1!
0%
0)
1<
b1000110110000 =
1>
b1110110001101010000000000000000 ?
0D

#6356000
0$
0(

#6360000
0!

#6365000
1!
14
b1000110110000 6
b1110110001101010000000000000000 7
bx :
0<
0>
0C
1E
b1000110110000 G
b1110110001101010000000000000000 H
bx K
1S
1a
b1101100 b
bx c
b1101100 e
b1100 i

#6370000
0!

#6375000
1!
1+
04
b0 :
0E
b0 K
0S
0a
b1110110001101010000000000000000 c

#6380000
0!

#6385000
1!
1%
1)
0+
1,
1/
1C
1D

#6390000
0!

#6395000
1!

#6396000
0,

#6400000
0!
b1000110110100 #
1$
b10011001000000000000000000110 &
1(
0/

#6405000
1!
0%
0)
1<
b1000110110100 =
1>
b10011001000000000000000000110 ?
0D

#6406000
0$
0(

#6410000
0!

#6415000
1!
14
b1000110110100 6
b10011001000000000000000000110 7
bx :
0<
0>
0C
1E
b1000110110100 G
b10011001000000000000000000110 H
bx K
1S
1a
b1101101 b
bx c
b1101101 e
b1101 i

#6420000
0!

#6425000
1!
1+
04
b0 :
0E
b0 K
0S
0a
b10011001000000000000000000110 c

#6430000
0!

#6435000
1!
1%
1)
0+
1,
1/
1C
1D

#6440000
0!

#6445000
1!

#6446000
0,

#6450000
0!
b1000110111000 #
1$
b1010101000100000000000000000110 &
1(
0/

#6455000
1!
0%
0)
1<
b1000110111000 =
1>
b1010101000100000000000000000110 ?
0D

#6456000
0$
0(

#6460000
0!

#6465000
1!
14
b1000110111000 6
b1010101000100000000000000000110 7
bx :
0<
0>
0C
1E
b1000110111000 G
b1010101000100000000000000000110 H
bx K
1S
1a
b1101110 b
bx c
b1101110 e
b1110 i

#6470000
0!

#6475000
1!
1+
04
b0 :
0E
b0 K
0S
0a
b1010101000100000000000000000110 c

#6480000
0!

#6485000
1!
1%
1)
0+
1,
1/
1C
1D

#6490000
0!

#6495000
1!

#6496000
0,

#6500000
0!
b1000110111100 #
1$
b1110110001101010000000000000000 &
1(
0/

#6505000
1!
0%
0)
1<
b1000110111100 =
1>
b1110110001101010000000000000000 ?
0D

#6506000
0$
0(

#6510000
0!

#6515000
1!
14
b1000110111100 6
b1110110001101010000000000000000 7
bx :
0<
0>
0C
1E
b1000110111100 G
b1110110001101010000000000000000 H
bx K
1S
1a
b1101111 b
bx c
b1101111 e
b1111 i

#6520000
0!

#6525000
1!
1+
04
b0 :
0E
b0 K
0S
0a
b1110110001101010000000000000000 c

#6530000
0!

#6535000
1!
1%
1)
0+
1,
1/
1C
1D

#6540000
0!

#6545000
1!

#6546000
0,

#6550000
0!
b1000111000000 #
1$
b10011001000000000000000000111 &
1(
0/

#6555000
1!
0%
0)
1<
b1000111000000 =
1>
b10011001000000000000000000111 ?
0D

#6556000
0$
0(

#6560000
0!

#6565000
1!
14
b1000111000000 6
b10011001000000000000000000111 7
bx :
0<
0>
0C
1E
b1000111000000 G
b10011001000000000000000000111 H
bx K
1S
1a
b1110000 b
bx c
b1110000 e
b1000111 h
b0 i

#6570000
0!

#6575000
1!
1+
04
b0 :
0E
b0 K
0S
0a
b10011001000000000000000000111 c

#6580000
0!

#6585000
1!
1%
1)
0+
1,
1/
1C
1D

#6590000
0!

#6595000
1!

#6596000
0,

#6600000
0!
b1000111000100 #
1$
b1010101000100000000000000000111 &
1(
0/

#6605000
1!
0%
0)
1<
b1000111000100 =
1>
b1010101000100000000000000000111 ?
0D

#6606000
0$
0(

#6610000
0!

#6615000
1!
14
b1000111000100 6
b1010101000100000000000000000111 7
bx :
0<
0>
0C
1E
b1000111000100 G
b1010101000100000000000000000111 H
bx K
1S
1a
b1110001 b
bx c
b1110001 e
b1 i

#6620000
0!

#6625000
1!
1+
04
b0 :
0E
b0 K
0S
0a
b1010101000100000000000000000111 c

#6630000
0!

#6635000
1!
1%
1)
0+
1,
1/
1C
1D

#6640000
0!

#6645000
1!

#6646000
0,

#6650000
0!
b1000111001000 #
1$
b1110110001101010000000000000000 &
1(
0/

#6655000
1!
0%
0)
1<
b1000111001000 =
1>
b1110110001101010000000000000000 ?
0D

#6656000
0$
0(

#6660000
0!

#6665000
1!
14
b1000111001000 6
b1110110001101010000000000000000 7
bx :
0<
0>
0C
1E
b1000111001000 G
b1110110001101010000000000000000 H
bx K
1S
1a
b1110010 b
bx c
b1110010 e
b10 i

#6670000
0!

#6675000
1!
1+
04
b0 :
0E
b0 K
0S
0a
b1110110001101010000000000000000 c

#6680000
0!

#6685000
1!
1%
1)
0+
1,
1/
1C
1D

#6690000
0!

#6695000
1!

#6696000
0,

#6700000
0!
b1000111001100 #
1$
b110001000100000001001100000000 &
1(
0/

#6705000
1!
0%
0)
1<
b1000111001100 =
1>
b110001000100000001001100000000 ?
0D

#6706000
0$
0(

#6710000
0!

#6715000
1!
14
b1000111001100 6
b110001000100000001001100000000 7
bx :
0<
0>
0C
1E
b1000111001100 G
b110001000100000001001100000000 H
bx K
1S
1a
b1110011 b
bx c
b1110011 e
b11 i

#6720000
0!

#6725000
1!
1+
04
b0 :
0E
b0 K
0S
0a
b110001000100000001001100000000 c

#6730000
0!

#6735000
1!
1%
1)
0+
1,
1/
1C
1D

#6740000
0!

#6745000
1!

#6746000
0,

#6750000
0!
b1000111010000 #
1$
b1100000000101100000000000000000 &
1(
0/

#6755000
1!
0%
0)
1<
b1000111010000 =
1>
b1100000000101100000000000000000 ?
0D

#6756000
0$
0(

#6760000
0!

#6765000
1!
14
b1000111010000 6
b1100000000101100000000000000000 7
bx :
0<
0>
0C
1E
b1000111010000 G
b1100000000101100000000000000000 H
bx K
1S
1a
b1110100 b
bx c
b1110100 e
b100 i

#6770000
0!

#6775000
1!
1+
04
b0 :
0E
b0 K
0S
0a
b1100000000101100000000000000000 c

#6780000
0!

#6785000
1!
1%
1)
0+
1,
1/
1C
1D

#6790000
0!

#6795000
1!

#6796000
0,

#6800000
0!
b1000111010100 #
1$
b110010001000000010000000000000 &
1(
0/

#6805000
1!
0%
0)
1<
b1000111010100 =
1>
b110010001000000010000000000000 ?
0D

#6806000
0$
0(

#6810000
0!

#6815000
1!
14
b1000111010100 6
b110010001000000010000000000000 7
bx :
0<
0>
0C
1E
b1000111010100 G
b110010001000000010000000000000 H
bx K
1S
1a
b1110101 b
bx c
b1110101 e
b101 i

#6820000
0!

#6825000
1!
1+
04
b0 :
0E
b0 K
0S
0a
b110010001000000010000000000000 c

#6830000
0!

#6835000
1!
1%
1)
0+
1,
1/
1C
1D

#6840000
0!

#6845000
1!

#6846000
0,

#6850000
0!
b1000111011000 #
1$
b110001000100000000000000000000 &
1(
0/

#6855000
1!
0%
0)
1<
b1000111011000 =
1>
b110001000100000000000000000000 ?
0D

#6856000
0$
0(

#6860000
0!

#6865000
1!
14
b1000111011000 6
b110001000100000000000000000000 7
bx :
0<
0>
0C
1E
b1000111011000 G
b110001000100000000000000000000 H
bx K
1S
1a
b1110110 b
bx c
b1110110 e
b110 i

#6870000
0!

#6875000
1!
1+
04
b0 :
0E
b0 K
0S
0a
b110001000100000000000000000000 c

#6880000
0!

#6885000
1!
1%
1)
0+
1,
1/
1C
1D

#6890000
0!

#6895000
1!

#6896000
0,

#6900000
0!
b1000111011100 #
1$
b1110110000001010000000010000000 &
1(
0/

#6905000
1!
0%
0)
1<
b1000111011100 =
1>
b1110110000001010000000010000000 ?
0D

#6906000
0$
0(

#6910000
0!

#6915000
1!
14
b1000111011100 6
b1110110000001010000000010000000 7
bx :
0<
0>
0C
1E
b1000111011100 G
b1110110000001010000000010000000 H
bx K
1S
1a
b1110111 b
bx c
b1110111 e
b111 i

#6920000
0!

#6925000
1!
1+
04
b0 :
0E
b0 K
0S
0a
b1110110000001010000000010000000 c

#6930000
0!

#6935000
1!
1%
1)
0+
1,
1/
1C
1D

#6940000
0!

#6945000
1!

#6946000
0,

#6950000
0!
b1000111100000 #
1$
b10011001000000000000000000000 &
1(
0/

#6955000
1!
0%
0)
1<
b1000111100000 =
1>
b10011001000000000000000000000 ?
0D

#6956000
0$
0(

#6960000
0!

#6965000
1!
14
b1000111100000 6
b10011001000000000000000000000 7
bx :
0<
0>
0C
1E
b1000111100000 G
b10011001000000000000000000000 H
bx K
1S
1a
b1111000 b
bx c
b1111000 e
b1000 i

#6970000
0!

#6975000
1!
1+
04
b0 :
0E
b0 K
0S
0a
b10011001000000000000000000000 c

#6980000
0!

#6985000
1!
1%
1)
0+
1,
1/
1C
1D

#6990000
0!

#6995000
1!

#6996000
0,

#7000000
0!
b1000111100100 #
1$
b1010101000100000000000000000000 &
1(
0/

#7005000
1!
0%
0)
1<
b1000111100100 =
1>
b1010101000100000000000000000000 ?
0D

#7006000
0$
0(

#7010000
0!

#7015000
1!
14
b1000111100100 6
b1010101000100000000000000000000 7
bx :
0<
0>
0C
1E
b1000111100100 G
b1010101000100000000000000000000 H
bx K
1S
1a
b1111001 b
bx c
b1111001 e
b1001 i

#7020000
0!

#7025000
1!
1+
04
b0 :
0E
b0 K
0S
0a
b1010101000100000000000000000000 c

#7030000
0!

#7035000
1!
1%
1)
0+
1,
1/
1C
1D

#7040000
0!

#7045000
1!

#7046000
0,

#7050000
0!
b1000111101000 #
1$
b1110110001101010000000000000000 &
1(
0/

#7055000
1!
0%
0)
1<
b1000111101000 =
1>
b1110110001101010000000000000000 ?
0D

#7056000
0$
0(

#7060000
0!

#7065000
1!
14
b1000111101000 6
b1110110001101010000000000000000 7
bx :
0<
0>
0C
1E
b1000111101000 G
b1110110001101010000000000000000 H
bx K
1S
1a
b1111010 b
bx c
b1111010 e
b1010 i

#7070000
0!

#7075000
1!
1+
04
b0 :
0E
b0 K
0S
0a
b1110110001101010000000000000000 c

#7080000
0!

#7085000
1!
1%
1)
0+
1,
1/
1C
1D

#7090000
0!

#7095000
1!

#7096000
0,

#7100000
0!
b1000111101100 #
1$
b10011001000000000000000000001 &
1(
0/

#7105000
1!
0%
0)
1<
b1000111101100 =
1>
b10011001000000000000000000001 ?
0D

#7106000
0$
0(

#7110000
0!

#7115000
1!
14
b1000111101100 6
b10011001000000000000000000001 7
bx :
0<
0>
0C
1E
b1000111101100 G
b10011001000000000000000000001 H
bx K
1S
1a
b1111011 b
bx c
b1111011 e
b1011 i

#7120000
0!

#7125000
1!
1+
04
b0 :
0E
b0 K
0S
0a
b10011001000000000000000000001 c

#7130000
0!

#7135000
1!
1%
1)
0+
1,
1/
1C
1D

#7140000
0!

#7145000
1!

#7146000
0,

#7150000
0!
b1000111110000 #
1$
b1010101000100000000000000000001 &
1(
0/

#7155000
1!
0%
0)
1<
b1000111110000 =
1>
b1010101000100000000000000000001 ?
0D

#7156000
0$
0(

#7160000
0!

#7165000
1!
14
b1000111110000 6
b1010101000100000000000000000001 7
bx :
0<
0>
0C
1E
b1000111110000 G
b1010101000100000000000000000001 H
bx K
1S
1a
b1111100 b
bx c
b1111100 e
b1100 i

#7170000
0!

#7175000
1!
1+
04
b0 :
0E
b0 K
0S
0a
b1010101000100000000000000000001 c

#7180000
0!

#7185000
1!
1%
1)
0+
1,
1/
1C
1D

#7190000
0!

#7195000
1!

#7196000
0,

#7200000
0!
b1000111110100 #
1$
b1110110001101010000000000000000 &
1(
0/

#7205000
1!
0%
0)
1<
b1000111110100 =
1>
b1110110001101010000000000000000 ?
0D

#7206000
0$
0(

#7210000
0!

#7215000
1!
14
b1000111110100 6
b1110110001101010000000000000000 7
bx :
0<
0>
0C
1E
b1000111110100 G
b1110110001101010000000000000000 H
bx K
1S
1a
b1111101 b
bx c
b1111101 e
b1101 i

#7220000
0!

#7225000
1!
1+
04
b0 :
0E
b0 K
0S
0a
b1110110001101010000000000000000 c

#7230000
0!

#7235000
1!
1%
1)
0+
1,
1/
1C
1D

#7240000
0!

#7245000
1!

#7246000
0,

#7250000
0!
b1000111111000 #
1$
b10011001000000000000000000010 &
1(
0/

#7255000
1!
0%
0)
1<
b1000111111000 =
1>
b10011001000000000000000000010 ?
0D

#7256000
0$
0(

#7260000
0!

#7265000
1!
14
b1000111111000 6
b10011001000000000000000000010 7
bx :
0<
0>
0C
1E
b1000111111000 G
b10011001000000000000000000010 H
bx K
1S
1a
b1111110 b
bx c
b1111110 e
b1110 i

#7270000
0!

#7275000
1!
1+
04
b0 :
0E
b0 K
0S
0a
b10011001000000000000000000010 c

#7280000
0!

#7285000
1!
1%
1)
0+
1,
1/
1C
1D

#7290000
0!

#7295000
1!

#7296000
0,

#7300000
0!
b1000111111100 #
1$
b1010101000100000000000000000010 &
1(
0/

#7305000
1!
0%
0)
1<
b1000111111100 =
1>
b1010101000100000000000000000010 ?
0D

#7306000
0$
0(

#7310000
0!

#7315000
1!
14
b1000111111100 6
b1010101000100000000000000000010 7
bx :
0<
0>
0C
1E
b1000111111100 G
b1010101000100000000000000000010 H
bx K
1S
1a
b1111111 b
bx c
b1111111 e
b1111 i

#7320000
0!

#7325000
1!
1+
04
b0 :
0E
b0 K
0S
0a
b1010101000100000000000000000010 c

#7330000
0!

#7335000
1!
1%
1)
0+
1,
1/
1C
1D

#7340000
0!

#7345000
1!

#7346000
0,

#7350000
0!
b1001000000000 #
1$
b1110110001101010000000000000000 &
1(
0/

#7355000
1!
0%
0)
1<
b1001000000000 =
1>
b1110110001101010000000000000000 ?
0D

#7356000
0$
0(

#7360000
0!

#7365000
1!
14
b1001000000000 6
b1110110001101010000000000000000 7
bx :
0<
0>
0C
1E
b1001000000000 G
b1110110001101010000000000000000 H
bx K
1S
1a
b10000000 b
bx c
b10000000 e
b1001000 h
b0 i

#7370000
0!

#7375000
1!
1+
04
b0 :
0E
b0 K
0S
0a
b1110110001101010000000000000000 c

#7380000
0!

#7385000
1!
1%
1)
0+
1,
1/
1C
1D

#7390000
0!

#7395000
1!

#7396000
0,

#7400000
0!
b1001000000100 #
1$
b10011001000000000000000000011 &
1(
0/

#7405000
1!
0%
0)
1<
b1001000000100 =
1>
b10011001000000000000000000011 ?
0D

#7406000
0$
0(

#7410000
0!

#7415000
1!
14
b1001000000100 6
b10011001000000000000000000011 7
bx :
0<
0>
0C
1E
b1001000000100 G
b10011001000000000000000000011 H
bx K
1S
1a
b10000001 b
bx c
b10000001 e
b1 i

#7420000
0!

#7425000
1!
1+
04
b0 :
0E
b0 K
0S
0a
b10011001000000000000000000011 c

#7430000
0!

#7435000
1!
1%
1)
0+
1,
1/
1C
1D

#7440000
0!

#7445000
1!

#7446000
0,

#7450000
0!
b1001000001000 #
1$
b1010101000100000000000000000011 &
1(
0/

#7455000
1!
0%
0)
1<
b1001000001000 =
1>
b1010101000100000000000000000011 ?
0D

#7456000
0$
0(

#7460000
0!

#7465000
1!
14
b1001000001000 6
b1010101000100000000000000000011 7
bx :
0<
0>
0C
1E
b1001000001000 G
b1010101000100000000000000000011 H
bx K
1S
1a
b10000010 b
bx c
b10000010 e
b10 i

#7470000
0!

#7475000
1!
1+
04
b0 :
0E
b0 K
0S
0a
b1010101000100000000000000000011 c

#7480000
0!

#7485000
1!
1%
1)
0+
1,
1/
1C
1D

#7490000
0!

#7495000
1!

#7496000
0,

#7500000
0!
b1001000001100 #
1$
b1110110001101010000000000000000 &
1(
0/

#7505000
1!
0%
0)
1<
b1001000001100 =
1>
b1110110001101010000000000000000 ?
0D

#7506000
0$
0(

#7510000
0!

#7515000
1!
14
b1001000001100 6
b1110110001101010000000000000000 7
bx :
0<
0>
0C
1E
b1001000001100 G
b1110110001101010000000000000000 H
bx K
1S
1a
b10000011 b
bx c
b10000011 e
b11 i

#7520000
0!

#7525000
1!
1+
04
b0 :
0E
b0 K
0S
0a
b1110110001101010000000000000000 c

#7530000
0!

#7535000
1!
1%
1)
0+
1,
1/
1C
1D

#7540000
0!

#7545000
1!

#7546000
0,

#7550000
0!
b1001000010000 #
1$
b10011001000000000000000000100 &
1(
0/

#7555000
1!
0%
0)
1<
b1001000010000 =
1>
b10011001000000000000000000100 ?
0D

#7556000
0$
0(

#7560000
0!

#7565000
1!
14
b1001000010000 6
b10011001000000000000000000100 7
bx :
0<
0>
0C
1E
b1001000010000 G
b10011001000000000000000000100 H
bx K
1S
1a
b10000100 b
bx c
b10000100 e
b100 i

#7570000
0!

#7575000
1!
1+
04
b0 :
0E
b0 K
0S
0a
b10011001000000000000000000100 c

#7580000
0!

#7585000
1!
1%
1)
0+
1,
1/
1C
1D

#7590000
0!

#7595000
1!

#7596000
0,

#7600000
0!
b1001000010100 #
1$
b1010101000100000000000000000100 &
1(
0/

#7605000
1!
0%
0)
1<
b1001000010100 =
1>
b1010101000100000000000000000100 ?
0D

#7606000
0$
0(

#7610000
0!

#7615000
1!
14
b1001000010100 6
b1010101000100000000000000000100 7
bx :
0<
0>
0C
1E
b1001000010100 G
b1010101000100000000000000000100 H
bx K
1S
1a
b10000101 b
bx c
b10000101 e
b101 i

#7620000
0!

#7625000
1!
1+
04
b0 :
0E
b0 K
0S
0a
b1010101000100000000000000000100 c

#7630000
0!

#7635000
1!
1%
1)
0+
1,
1/
1C
1D

#7640000
0!

#7645000
1!

#7646000
0,

#7650000
0!
b1001000011000 #
1$
b1110110001101010000000000000000 &
1(
0/

#7655000
1!
0%
0)
1<
b1001000011000 =
1>
b1110110001101010000000000000000 ?
0D

#7656000
0$
0(

#7660000
0!

#7665000
1!
14
b1001000011000 6
b1110110001101010000000000000000 7
bx :
0<
0>
0C
1E
b1001000011000 G
b1110110001101010000000000000000 H
bx K
1S
1a
b10000110 b
bx c
b10000110 e
b110 i

#7670000
0!

#7675000
1!
1+
04
b0 :
0E
b0 K
0S
0a
b1110110001101010000000000000000 c

#7680000
0!

#7685000
1!
1%
1)
0+
1,
1/
1C
1D

#7690000
0!

#7695000
1!

#7696000
0,

#7700000
0!
b1001000011100 #
1$
b10011001000000000000000000101 &
1(
0/

#7705000
1!
0%
0)
1<
b1001000011100 =
1>
b10011001000000000000000000101 ?
0D

#7706000
0$
0(

#7710000
0!

#7715000
1!
14
b1001000011100 6
b10011001000000000000000000101 7
bx :
0<
0>
0C
1E
b1001000011100 G
b10011001000000000000000000101 H
bx K
1S
1a
b10000111 b
bx c
b10000111 e
b111 i

#7720000
0!

#7725000
1!
1+
04
b0 :
0E
b0 K
0S
0a
b10011001000000000000000000101 c

#7730000
0!

#7735000
1!
1%
1)
0+
1,
1/
1C
1D

#7740000
0!

#7745000
1!

#7746000
0,

#7750000
0!
b1001000100000 #
1$
b1010101000100000000000000000101 &
1(
0/

#7755000
1!
0%
0)
1<
b1001000100000 =
1>
b1010101000100000000000000000101 ?
0D

#7756000
0$
0(

#7760000
0!

#7765000
1!
14
b1001000100000 6
b1010101000100000000000000000101 7
bx :
0<
0>
0C
1E
b1001000100000 G
b1010101000100000000000000000101 H
bx K
1S
1a
b10001000 b
bx c
b10001000 e
b1000 i

#7770000
0!

#7775000
1!
1+
04
b0 :
0E
b0 K
0S
0a
b1010101000100000000000000000101 c

#7780000
0!

#7785000
1!
1%
1)
0+
1,
1/
1C
1D

#7790000
0!

#7795000
1!

#7796000
0,

#7800000
0!
b1001000100100 #
1$
b1110110001101010000000000000000 &
1(
0/

#7805000
1!
0%
0)
1<
b1001000100100 =
1>
b1110110001101010000000000000000 ?
0D

#7806000
0$
0(

#7810000
0!

#7815000
1!
14
b1001000100100 6
b1110110001101010000000000000000 7
bx :
0<
0>
0C
1E
b1001000100100 G
b1110110001101010000000000000000 H
bx K
1S
1a
b10001001 b
bx c
b10001001 e
b1001 i

#7820000
0!

#7825000
1!
1+
04
b0 :
0E
b0 K
0S
0a
b1110110001101010000000000000000 c

#7830000
0!

#7835000
1!
1%
1)
0+
1,
1/
1C
1D

#7840000
0!

#7845000
1!

#7846000
0,

#7850000
0!
b1001000101000 #
1$
b10011001000000000000000000110 &
1(
0/

#7855000
1!
0%
0)
1<
b1001000101000 =
1>
b10011001000000000000000000110 ?
0D

#7856000
0$
0(

#7860000
0!

#7865000
1!
14
b1001000101000 6
b10011001000000000000000000110 7
bx :
0<
0>
0C
1E
b1001000101000 G
b10011001000000000000000000110 H
bx K
1S
1a
b10001010 b
bx c
b10001010 e
b1010 i

#7870000
0!

#7875000
1!
1+
04
b0 :
0E
b0 K
0S
0a
b10011001000000000000000000110 c

#7880000
0!

#7885000
1!
1%
1)
0+
1,
1/
1C
1D

#7890000
0!

#7895000
1!

#7896000
0,

#7900000
0!
b1001000101100 #
1$
b1010101000100000000000000000110 &
1(
0/

#7905000
1!
0%
0)
1<
b1001000101100 =
1>
b1010101000100000000000000000110 ?
0D

#7906000
0$
0(

#7910000
0!

#7915000
1!
14
b1001000101100 6
b1010101000100000000000000000110 7
bx :
0<
0>
0C
1E
b1001000101100 G
b1010101000100000000000000000110 H
bx K
1S
1a
b10001011 b
bx c
b10001011 e
b1011 i

#7920000
0!

#7925000
1!
1+
04
b0 :
0E
b0 K
0S
0a
b1010101000100000000000000000110 c

#7930000
0!

#7935000
1!
1%
1)
0+
1,
1/
1C
1D

#7940000
0!

#7945000
1!

#7946000
0,

#7950000
0!
b1001000110000 #
1$
b1110110001101010000000000000000 &
1(
0/

#7955000
1!
0%
0)
1<
b1001000110000 =
1>
b1110110001101010000000000000000 ?
0D

#7956000
0$
0(

#7960000
0!

#7965000
1!
14
b1001000110000 6
b1110110001101010000000000000000 7
bx :
0<
0>
0C
1E
b1001000110000 G
b1110110001101010000000000000000 H
bx K
1S
1a
b10001100 b
bx c
b10001100 e
b1100 i

#7970000
0!

#7975000
1!
1+
04
b0 :
0E
b0 K
0S
0a
b1110110001101010000000000000000 c

#7980000
0!

#7985000
1!
1%
1)
0+
1,
1/
1C
1D

#7990000
0!

#7995000
1!

#7996000
0,

#8000000
0!
b1001000110100 #
1$
b10011001000000000000000000111 &
1(
0/

#8005000
1!
0%
0)
1<
b1001000110100 =
1>
b10011001000000000000000000111 ?
0D

#8006000
0$
0(

#8010000
0!

#8015000
1!
14
b1001000110100 6
b10011001000000000000000000111 7
bx :
0<
0>
0C
1E
b1001000110100 G
b10011001000000000000000000111 H
bx K
1S
1a
b10001101 b
bx c
b10001101 e
b1101 i

#8020000
0!

#8025000
1!
1+
04
b0 :
0E
b0 K
0S
0a
b10011001000000000000000000111 c

#8030000
0!

#8035000
1!
1%
1)
0+
1,
1/
1C
1D

#8040000
0!

#8045000
1!

#8046000
0,

#8050000
0!
b1001000111000 #
1$
b1010101000100000000000000000111 &
1(
0/

#8055000
1!
0%
0)
1<
b1001000111000 =
1>
b1010101000100000000000000000111 ?
0D

#8056000
0$
0(

#8060000
0!

#8065000
1!
14
b1001000111000 6
b1010101000100000000000000000111 7
bx :
0<
0>
0C
1E
b1001000111000 G
b1010101000100000000000000000111 H
bx K
1S
1a
b10001110 b
bx c
b10001110 e
b1110 i

#8070000
0!

#8075000
1!
1+
04
b0 :
0E
b0 K
0S
0a
b1010101000100000000000000000111 c

#8080000
0!

#8085000
1!
1%
1)
0+
1,
1/
1C
1D

#8090000
0!

#8095000
1!

#8096000
0,

#8100000
0!
b1001000111100 #
1$
b1110110001101010000000000000000 &
1(
0/

#8105000
1!
0%
0)
1<
b1001000111100 =
1>
b1110110001101010000000000000000 ?
0D

#8106000
0$
0(

#8110000
0!

#8115000
1!
14
b1001000111100 6
b1110110001101010000000000000000 7
bx :
0<
0>
0C
1E
b1001000111100 G
b1110110001101010000000000000000 H
bx K
1S
1a
b10001111 b
bx c
b10001111 e
b1111 i

#8120000
0!

#8125000
1!
1+
04
b0 :
0E
b0 K
0S
0a
b1110110001101010000000000000000 c

#8130000
0!

#8135000
1!
1%
1)
0+
1,
1/
1C
1D

#8140000
0!

#8145000
1!

#8146000
0,

#8150000
0!
b1001001000000 #
1$
b110001000100000001010000000000 &
1(
0/

#8155000
1!
0%
0)
1<
b1001001000000 =
1>
b110001000100000001010000000000 ?
0D

#8156000
0$
0(

#8160000
0!

#8165000
1!
14
b1001001000000 6
b110001000100000001010000000000 7
bx :
0<
0>
0C
1E
b1001001000000 G
b110001000100000001010000000000 H
bx K
1S
1a
b10010000 b
bx c
b10010000 e
b1001001 h
b0 i

#8170000
0!

#8175000
1!
1+
04
b0 :
0E
b0 K
0S
0a
b110001000100000001010000000000 c

#8180000
0!

#8185000
1!
1%
1)
0+
1,
1/
1C
1D

#8190000
0!

#8195000
1!

#8196000
0,

#8200000
0!
b1001001000100 #
1$
b1100000000101100000000000000000 &
1(
0/

#8205000
1!
0%
0)
1<
b1001001000100 =
1>
b1100000000101100000000000000000 ?
0D

#8206000
0$
0(

#8210000
0!

#8215000
1!
14
b1001001000100 6
b1100000000101100000000000000000 7
bx :
0<
0>
0C
1E
b1001001000100 G
b1100000000101100000000000000000 H
bx K
1S
1a
b10010001 b
bx c
b10010001 e
b1 i

#8220000
0!

#8225000
1!
1+
04
b0 :
0E
b0 K
0S
0a
b1100000000101100000000000000000 c

#8230000
0!

#8235000
1!
1%
1)
0+
1,
1/
1C
1D

#8240000
0!

#8245000
1!

#8246000
0,

#8250000
0!
b1001001001000 #
1$
b110010001000000010100000000000 &
1(
0/

#8255000
1!
0%
0)
1<
b1001001001000 =
1>
b110010001000000010100000000000 ?
0D

#8256000
0$
0(

#8260000
0!

#8265000
1!
14
b1001001001000 6
b110010001000000010100000000000 7
bx :
0<
0>
0C
1E
b1001001001000 G
b110010001000000010100000000000 H
bx K
1S
1a
b10010010 b
bx c
b10010010 e
b10 i

#8270000
0!

#8275000
1!
1+
04
b0 :
0E
b0 K
0S
0a
b110010001000000010100000000000 c

#8280000
0!

#8285000
1!
1%
1)
0+
1,
1/
1C
1D

#8290000
0!

#8295000
1!

#8296000
0,

#8300000
0!
b1001001001100 #
1$
b110001000100000000000000000000 &
1(
0/

#8305000
1!
0%
0)
1<
b1001001001100 =
1>
b110001000100000000000000000000 ?
0D

#8306000
0$
0(

#8310000
0!

#8315000
1!
14
b1001001001100 6
b110001000100000000000000000000 7
bx :
0<
0>
0C
1E
b1001001001100 G
b110001000100000000000000000000 H
bx K
1S
1a
b10010011 b
bx c
b10010011 e
b11 i

#8320000
0!

#8325000
1!
1+
04
b0 :
0E
b0 K
0S
0a
b110001000100000000000000000000 c

#8330000
0!

#8335000
1!
1%
1)
0+
1,
1/
1C
1D

#8340000
0!

#8345000
1!

#8346000
0,

#8350000
0!
b1001001010000 #
1$
b1110110000001010000000010000000 &
1(
0/

#8355000
1!
0%
0)
1<
b1001001010000 =
1>
b1110110000001010000000010000000 ?
0D

#8356000
0$
0(

#8360000
0!

#8365000
1!
14
b1001001010000 6
b1110110000001010000000010000000 7
bx :
0<
0>
0C
1E
b1001001010000 G
b1110110000001010000000010000000 H
bx K
1S
1a
b10010100 b
bx c
b10010100 e
b100 i

#8370000
0!

#8375000
1!
1+
04
b0 :
0E
b0 K
0S
0a
b1110110000001010000000010000000 c

#8380000
0!

#8385000
1!
1%
1)
0+
1,
1/
1C
1D

#8390000
0!

#8395000
1!

#8396000
0,

#8400000
0!
b1001001010100 #
1$
b10011001000000000000000000000 &
1(
0/

#8405000
1!
0%
0)
1<
b1001001010100 =
1>
b10011001000000000000000000000 ?
0D

#8406000
0$
0(

#8410000
0!

#8415000
1!
14
b1001001010100 6
b10011001000000000000000000000 7
bx :
0<
0>
0C
1E
b1001001010100 G
b10011001000000000000000000000 H
bx K
1S
1a
b10010101 b
bx c
b10010101 e
b101 i

#8420000
0!

#8425000
1!
1+
04
b0 :
0E
b0 K
0S
0a
b10011001000000000000000000000 c

#8430000
0!

#8435000
1!
1%
1)
0+
1,
1/
1C
1D

#8440000
0!

#8445000
1!

#8446000
0,

#8450000
0!
b1001001011000 #
1$
b1010101000100000000000000000000 &
1(
0/

#8455000
1!
0%
0)
1<
b1001001011000 =
1>
b1010101000100000000000000000000 ?
0D

#8456000
0$
0(

#8460000
0!

#8465000
1!
14
b1001001011000 6
b1010101000100000000000000000000 7
bx :
0<
0>
0C
1E
b1001001011000 G
b1010101000100000000000000000000 H
bx K
1S
1a
b10010110 b
bx c
b10010110 e
b110 i

#8470000
0!

#8475000
1!
1+
04
b0 :
0E
b0 K
0S
0a
b1010101000100000000000000000000 c

#8480000
0!

#8485000
1!
1%
1)
0+
1,
1/
1C
1D

#8490000
0!

#8495000
1!

#8496000
0,

#8500000
0!
b1001001011100 #
1$
b1110110001101010000000000000000 &
1(
0/

#8505000
1!
0%
0)
1<
b1001001011100 =
1>
b1110110001101010000000000000000 ?
0D

#8506000
0$
0(

#8510000
0!

#8515000
1!
14
b1001001011100 6
b1110110001101010000000000000000 7
bx :
0<
0>
0C
1E
b1001001011100 G
b1110110001101010000000000000000 H
bx K
1S
1a
b10010111 b
bx c
b10010111 e
b111 i

#8520000
0!

#8525000
1!
1+
04
b0 :
0E
b0 K
0S
0a
b1110110001101010000000000000000 c

#8530000
0!

#8535000
1!
1%
1)
0+
1,
1/
1C
1D

#8540000
0!

#8545000
1!

#8546000
0,

#8550000
0!
b1001001100000 #
1$
b10011001000000000000000000001 &
1(
0/

#8555000
1!
0%
0)
1<
b1001001100000 =
1>
b10011001000000000000000000001 ?
0D

#8556000
0$
0(

#8560000
0!

#8565000
1!
14
b1001001100000 6
b10011001000000000000000000001 7
bx :
0<
0>
0C
1E
b1001001100000 G
b10011001000000000000000000001 H
bx K
1S
1a
b10011000 b
bx c
b10011000 e
b1000 i

#8570000
0!

#8575000
1!
1+
04
b0 :
0E
b0 K
0S
0a
b10011001000000000000000000001 c

#8580000
0!

#8585000
1!
1%
1)
0+
1,
1/
1C
1D

#8590000
0!

#8595000
1!

#8596000
0,

#8600000
0!
b1001001100100 #
1$
b1010101000100000000000000000001 &
1(
0/

#8605000
1!
0%
0)
1<
b1001001100100 =
1>
b1010101000100000000000000000001 ?
0D

#8606000
0$
0(

#8610000
0!

#8615000
1!
14
b1001001100100 6
b1010101000100000000000000000001 7
bx :
0<
0>
0C
1E
b1001001100100 G
b1010101000100000000000000000001 H
bx K
1S
1a
b10011001 b
bx c
b10011001 e
b1001 i

#8620000
0!

#8625000
1!
1+
04
b0 :
0E
b0 K
0S
0a
b1010101000100000000000000000001 c

#8630000
0!

#8635000
1!
1%
1)
0+
1,
1/
1C
1D

#8640000
0!

#8645000
1!

#8646000
0,

#8650000
0!
b1001001101000 #
1$
b1110110001101010000000000000000 &
1(
0/

#8655000
1!
0%
0)
1<
b1001001101000 =
1>
b1110110001101010000000000000000 ?
0D

#8656000
0$
0(

#8660000
0!

#8665000
1!
14
b1001001101000 6
b1110110001101010000000000000000 7
bx :
0<
0>
0C
1E
b1001001101000 G
b1110110001101010000000000000000 H
bx K
1S
1a
b10011010 b
bx c
b10011010 e
b1010 i

#8670000
0!

#8675000
1!
1+
04
b0 :
0E
b0 K
0S
0a
b1110110001101010000000000000000 c

#8680000
0!

#8685000
1!
1%
1)
0+
1,
1/
1C
1D

#8690000
0!

#8695000
1!

#8696000
0,

#8700000
0!
b1001001101100 #
1$
b10011001000000000000000000010 &
1(
0/

#8705000
1!
0%
0)
1<
b1001001101100 =
1>
b10011001000000000000000000010 ?
0D

#8706000
0$
0(

#8710000
0!

#8715000
1!
14
b1001001101100 6
b10011001000000000000000000010 7
bx :
0<
0>
0C
1E
b1001001101100 G
b10011001000000000000000000010 H
bx K
1S
1a
b10011011 b
bx c
b10011011 e
b1011 i

#8720000
0!

#8725000
1!
1+
04
b0 :
0E
b0 K
0S
0a
b10011001000000000000000000010 c

#8730000
0!

#8735000
1!
1%
1)
0+
1,
1/
1C
1D

#8740000
0!

#8745000
1!

#8746000
0,

#8750000
0!
b1001001110000 #
1$
b1010101000100000000000000000010 &
1(
0/

#8755000
1!
0%
0)
1<
b1001001110000 =
1>
b1010101000100000000000000000010 ?
0D

#8756000
0$
0(

#8760000
0!

#8765000
1!
14
b1001001110000 6
b1010101000100000000000000000010 7
bx :
0<
0>
0C
1E
b1001001110000 G
b1010101000100000000000000000010 H
bx K
1S
1a
b10011100 b
bx c
b10011100 e
b1100 i

#8770000
0!

#8775000
1!
1+
04
b0 :
0E
b0 K
0S
0a
b1010101000100000000000000000010 c

#8780000
0!

#8785000
1!
1%
1)
0+
1,
1/
1C
1D

#8790000
0!

#8795000
1!

#8796000
0,

#8800000
0!
b1001001110100 #
1$
b1110110001101010000000000000000 &
1(
0/

#8805000
1!
0%
0)
1<
b1001001110100 =
1>
b1110110001101010000000000000000 ?
0D

#8806000
0$
0(

#8810000
0!

#8815000
1!
14
b1001001110100 6
b1110110001101010000000000000000 7
bx :
0<
0>
0C
1E
b1001001110100 G
b1110110001101010000000000000000 H
bx K
1S
1a
b10011101 b
bx c
b10011101 e
b1101 i

#8820000
0!

#8825000
1!
1+
04
b0 :
0E
b0 K
0S
0a
b1110110001101010000000000000000 c

#8830000
0!

#8835000
1!
1%
1)
0+
1,
1/
1C
1D

#8840000
0!

#8845000
1!

#8846000
0,

#8850000
0!
b1001001111000 #
1$
b10011001000000000000000000011 &
1(
0/

#8855000
1!
0%
0)
1<
b1001001111000 =
1>
b10011001000000000000000000011 ?
0D

#8856000
0$
0(

#8860000
0!

#8865000
1!
14
b1001001111000 6
b10011001000000000000000000011 7
bx :
0<
0>
0C
1E
b1001001111000 G
b10011001000000000000000000011 H
bx K
1S
1a
b10011110 b
bx c
b10011110 e
b1110 i

#8870000
0!

#8875000
1!
1+
04
b0 :
0E
b0 K
0S
0a
b10011001000000000000000000011 c

#8880000
0!

#8885000
1!
1%
1)
0+
1,
1/
1C
1D

#8890000
0!

#8895000
1!

#8896000
0,

#8900000
0!
b1001001111100 #
1$
b1010101000100000000000000000011 &
1(
0/

#8905000
1!
0%
0)
1<
b1001001111100 =
1>
b1010101000100000000000000000011 ?
0D

#8906000
0$
0(

#8910000
0!

#8915000
1!
14
b1001001111100 6
b1010101000100000000000000000011 7
bx :
0<
0>
0C
1E
b1001001111100 G
b1010101000100000000000000000011 H
bx K
1S
1a
b10011111 b
bx c
b10011111 e
b1111 i

#8920000
0!

#8925000
1!
1+
04
b0 :
0E
b0 K
0S
0a
b1010101000100000000000000000011 c

#8930000
0!

#8935000
1!
1%
1)
0+
1,
1/
1C
1D

#8940000
0!

#8945000
1!

#8946000
0,

#8950000
0!
b1001010000000 #
1$
b1110110001101010000000000000000 &
1(
0/

#8955000
1!
0%
0)
1<
b1001010000000 =
1>
b1110110001101010000000000000000 ?
0D

#8956000
0$
0(

#8960000
0!

#8965000
1!
14
b1001010000000 6
b1110110001101010000000000000000 7
bx :
0<
0>
0C
1E
b1001010000000 G
b1110110001101010000000000000000 H
bx K
1S
1a
b10100000 b
bx c
b10100000 e
b1001010 h
b0 i

#8970000
0!

#8975000
1!
1+
04
b0 :
0E
b0 K
0S
0a
b1110110001101010000000000000000 c

#8980000
0!

#8985000
1!
1%
1)
0+
1,
1/
1C
1D

#8990000
0!

#8995000
1!

#8996000
0,

#9000000
0!
b1001010000100 #
1$
b10011001000000000000000000100 &
1(
0/

#9005000
1!
0%
0)
1<
b1001010000100 =
1>
b10011001000000000000000000100 ?
0D

#9006000
0$
0(

#9010000
0!

#9015000
1!
14
b1001010000100 6
b10011001000000000000000000100 7
bx :
0<
0>
0C
1E
b1001010000100 G
b10011001000000000000000000100 H
bx K
1S
1a
b10100001 b
bx c
b10100001 e
b1 i

#9020000
0!

#9025000
1!
1+
04
b0 :
0E
b0 K
0S
0a
b10011001000000000000000000100 c

#9030000
0!

#9035000
1!
1%
1)
0+
1,
1/
1C
1D

#9040000
0!

#9045000
1!

#9046000
0,

#9050000
0!
b1001010001000 #
1$
b1010101000100000000000000000100 &
1(
0/

#9055000
1!
0%
0)
1<
b1001010001000 =
1>
b1010101000100000000000000000100 ?
0D

#9056000
0$
0(

#9060000
0!

#9065000
1!
14
b1001010001000 6
b1010101000100000000000000000100 7
bx :
0<
0>
0C
1E
b1001010001000 G
b1010101000100000000000000000100 H
bx K
1S
1a
b10100010 b
bx c
b10100010 e
b10 i

#9070000
0!

#9075000
1!
1+
04
b0 :
0E
b0 K
0S
0a
b1010101000100000000000000000100 c

#9080000
0!

#9085000
1!
1%
1)
0+
1,
1/
1C
1D

#9090000
0!

#9095000
1!

#9096000
0,

#9100000
0!
b1001010001100 #
1$
b1110110001101010000000000000000 &
1(
0/

#9105000
1!
0%
0)
1<
b1001010001100 =
1>
b1110110001101010000000000000000 ?
0D

#9106000
0$
0(

#9110000
0!

#9115000
1!
14
b1001010001100 6
b1110110001101010000000000000000 7
bx :
0<
0>
0C
1E
b1001010001100 G
b1110110001101010000000000000000 H
bx K
1S
1a
b10100011 b
bx c
b10100011 e
b11 i

#9120000
0!

#9125000
1!
1+
04
b0 :
0E
b0 K
0S
0a
b1110110001101010000000000000000 c

#9130000
0!

#9135000
1!
1%
1)
0+
1,
1/
1C
1D

#9140000
0!

#9145000
1!

#9146000
0,

#9150000
0!
b1001010010000 #
1$
b10011001000000000000000000101 &
1(
0/

#9155000
1!
0%
0)
1<
b1001010010000 =
1>
b10011001000000000000000000101 ?
0D

#9156000
0$
0(

#9160000
0!

#9165000
1!
14
b1001010010000 6
b10011001000000000000000000101 7
bx :
0<
0>
0C
1E
b1001010010000 G
b10011001000000000000000000101 H
bx K
1S
1a
b10100100 b
bx c
b10100100 e
b100 i

#9170000
0!

#9175000
1!
1+
04
b0 :
0E
b0 K
0S
0a
b10011001000000000000000000101 c

#9180000
0!

#9185000
1!
1%
1)
0+
1,
1/
1C
1D

#9190000
0!

#9195000
1!

#9196000
0,

#9200000
0!
b1001010010100 #
1$
b1010101000100000000000000000101 &
1(
0/

#9205000
1!
0%
0)
1<
b1001010010100 =
1>
b1010101000100000000000000000101 ?
0D

#9206000
0$
0(

#9210000
0!

#9215000
1!
14
b1001010010100 6
b1010101000100000000000000000101 7
bx :
0<
0>
0C
1E
b1001010010100 G
b1010101000100000000000000000101 H
bx K
1S
1a
b10100101 b
bx c
b10100101 e
b101 i

#9220000
0!

#9225000
1!
1+
04
b0 :
0E
b0 K
0S
0a
b1010101000100000000000000000101 c

#9230000
0!

#9235000
1!
1%
1)
0+
1,
1/
1C
1D

#9240000
0!

#9245000
1!

#9246000
0,

#9250000
0!
b1001010011000 #
1$
b1110110001101010000000000000000 &
1(
0/

#9255000
1!
0%
0)
1<
b1001010011000 =
1>
b1110110001101010000000000000000 ?
0D

#9256000
0$
0(

#9260000
0!

#9265000
1!
14
b1001010011000 6
b1110110001101010000000000000000 7
bx :
0<
0>
0C
1E
b1001010011000 G
b1110110001101010000000000000000 H
bx K
1S
1a
b10100110 b
bx c
b10100110 e
b110 i

#9270000
0!

#9275000
1!
1+
04
b0 :
0E
b0 K
0S
0a
b1110110001101010000000000000000 c

#9280000
0!

#9285000
1!
1%
1)
0+
1,
1/
1C
1D

#9290000
0!

#9295000
1!

#9296000
0,

#9300000
0!
b1001010011100 #
1$
b10011001000000000000000000110 &
1(
0/

#9305000
1!
0%
0)
1<
b1001010011100 =
1>
b10011001000000000000000000110 ?
0D

#9306000
0$
0(

#9310000
0!

#9315000
1!
14
b1001010011100 6
b10011001000000000000000000110 7
bx :
0<
0>
0C
1E
b1001010011100 G
b10011001000000000000000000110 H
bx K
1S
1a
b10100111 b
bx c
b10100111 e
b111 i

#9320000
0!

#9325000
1!
1+
04
b0 :
0E
b0 K
0S
0a
b10011001000000000000000000110 c

#9330000
0!

#9335000
1!
1%
1)
0+
1,
1/
1C
1D

#9340000
0!

#9345000
1!

#9346000
0,

#9350000
0!
b1001010100000 #
1$
b1010101000100000000000000000110 &
1(
0/

#9355000
1!
0%
0)
1<
b1001010100000 =
1>
b1010101000100000000000000000110 ?
0D

#9356000
0$
0(

#9360000
0!

#9365000
1!
14
b1001010100000 6
b1010101000100000000000000000110 7
bx :
0<
0>
0C
1E
b1001010100000 G
b1010101000100000000000000000110 H
bx K
1S
1a
b10101000 b
bx c
b10101000 e
b1000 i

#9370000
0!

#9375000
1!
1+
04
b0 :
0E
b0 K
0S
0a
b1010101000100000000000000000110 c

#9380000
0!

#9385000
1!
1%
1)
0+
1,
1/
1C
1D

#9390000
0!

#9395000
1!

#9396000
0,

#9400000
0!
b1001010100100 #
1$
b1110110001101010000000000000000 &
1(
0/

#9405000
1!
0%
0)
1<
b1001010100100 =
1>
b1110110001101010000000000000000 ?
0D

#9406000
0$
0(

#9410000
0!

#9415000
1!
14
b1001010100100 6
b1110110001101010000000000000000 7
bx :
0<
0>
0C
1E
b1001010100100 G
b1110110001101010000000000000000 H
bx K
1S
1a
b10101001 b
bx c
b10101001 e
b1001 i

#9420000
0!

#9425000
1!
1+
04
b0 :
0E
b0 K
0S
0a
b1110110001101010000000000000000 c

#9430000
0!

#9435000
1!
1%
1)
0+
1,
1/
1C
1D

#9440000
0!

#9445000
1!

#9446000
0,

#9450000
0!
b1001010101000 #
1$
b10011001000000000000000000111 &
1(
0/

#9455000
1!
0%
0)
1<
b1001010101000 =
1>
b10011001000000000000000000111 ?
0D

#9456000
0$
0(

#9460000
0!

#9465000
1!
14
b1001010101000 6
b10011001000000000000000000111 7
bx :
0<
0>
0C
1E
b1001010101000 G
b10011001000000000000000000111 H
bx K
1S
1a
b10101010 b
bx c
b10101010 e
b1010 i

#9470000
0!

#9475000
1!
1+
04
b0 :
0E
b0 K
0S
0a
b10011001000000000000000000111 c

#9480000
0!

#9485000
1!
1%
1)
0+
1,
1/
1C
1D

#9490000
0!

#9495000
1!

#9496000
0,

#9500000
0!
b1001010101100 #
1$
b1010101000100000000000000000111 &
1(
0/

#9505000
1!
0%
0)
1<
b1001010101100 =
1>
b1010101000100000000000000000111 ?
0D

#9506000
0$
0(

#9510000
0!

#9515000
1!
14
b1001010101100 6
b1010101000100000000000000000111 7
bx :
0<
0>
0C
1E
b1001010101100 G
b1010101000100000000000000000111 H
bx K
1S
1a
b10101011 b
bx c
b10101011 e
b1011 i

#9520000
0!

#9525000
1!
1+
04
b0 :
0E
b0 K
0S
0a
b1010101000100000000000000000111 c

#9530000
0!

#9535000
1!
1%
1)
0+
1,
1/
1C
1D

#9540000
0!

#9545000
1!

#9546000
0,

#9550000
0!
b1001010110000 #
1$
b1110110001101010000000000000000 &
1(
0/

#9555000
1!
0%
0)
1<
b1001010110000 =
1>
b1110110001101010000000000000000 ?
0D

#9556000
0$
0(

#9560000
0!

#9565000
1!
14
b1001010110000 6
b1110110001101010000000000000000 7
bx :
0<
0>
0C
1E
b1001010110000 G
b1110110001101010000000000000000 H
bx K
1S
1a
b10101100 b
bx c
b10101100 e
b1100 i

#9570000
0!

#9575000
1!
1+
04
b0 :
0E
b0 K
0S
0a
b1110110001101010000000000000000 c

#9580000
0!

#9585000
1!
1%
1)
0+
1,
1/
1C
1D

#9590000
0!

#9595000
1!

#9596000
0,

#9600000
0!
b1001010110100 #
1$
b110001000100000001010100000000 &
1(
0/

#9605000
1!
0%
0)
1<
b1001010110100 =
1>
b110001000100000001010100000000 ?
0D

#9606000
0$
0(

#9610000
0!

#9615000
1!
14
b1001010110100 6
b110001000100000001010100000000 7
bx :
0<
0>
0C
1E
b1001010110100 G
b110001000100000001010100000000 H
bx K
1S
1a
b10101101 b
bx c
b10101101 e
b1101 i

#9620000
0!

#9625000
1!
1+
04
b0 :
0E
b0 K
0S
0a
b110001000100000001010100000000 c

#9630000
0!

#9635000
1!
1%
1)
0+
1,
1/
1C
1D

#9640000
0!

#9645000
1!

#9646000
0,

#9650000
0!
b1001010111000 #
1$
b1100000000101100000000000000000 &
1(
0/

#9655000
1!
0%
0)
1<
b1001010111000 =
1>
b1100000000101100000000000000000 ?
0D

#9656000
0$
0(

#9660000
0!

#9665000
1!
14
b1001010111000 6
b1100000000101100000000000000000 7
bx :
0<
0>
0C
1E
b1001010111000 G
b1100000000101100000000000000000 H
bx K
1S
1a
b10101110 b
bx c
b10101110 e
b1110 i

#9670000
0!

#9675000
1!
1+
04
b0 :
0E
b0 K
0S
0a
b1100000000101100000000000000000 c

#9680000
0!

#9685000
1!
1%
1)
0+
1,
1/
1C
1D

#9690000
0!

#9695000
1!

#9696000
0,

#9700000
0!
b1001010111100 #
1$
b110010001000000011000000000000 &
1(
0/

#9705000
1!
0%
0)
1<
b1001010111100 =
1>
b110010001000000011000000000000 ?
0D

#9706000
0$
0(

#9710000
0!

#9715000
1!
14
b1001010111100 6
b110010001000000011000000000000 7
bx :
0<
0>
0C
1E
b1001010111100 G
b110010001000000011000000000000 H
bx K
1S
1a
b10101111 b
bx c
b10101111 e
b1111 i

#9720000
0!

#9725000
1!
1+
04
b0 :
0E
b0 K
0S
0a
b110010001000000011000000000000 c

#9730000
0!

#9735000
1!
1%
1)
0+
1,
1/
1C
1D

#9740000
0!

#9745000
1!

#9746000
0,

#9750000
0!
b1001011000000 #
1$
b110001000100000000000000000000 &
1(
0/

#9755000
1!
0%
0)
1<
b1001011000000 =
1>
b110001000100000000000000000000 ?
0D

#9756000
0$
0(

#9760000
0!

#9765000
1!
14
b1001011000000 6
b110001000100000000000000000000 7
bx :
0<
0>
0C
1E
b1001011000000 G
b110001000100000000000000000000 H
bx K
1S
1a
b10110000 b
bx c
b10110000 e
b1001011 h
b0 i

#9770000
0!

#9775000
1!
1+
04
b0 :
0E
b0 K
0S
0a
b110001000100000000000000000000 c

#9780000
0!

#9785000
1!
1%
1)
0+
1,
1/
1C
1D

#9790000
0!

#9795000
1!

#9796000
0,

#9800000
0!
b1001011000100 #
1$
b1110110000001010000000010000000 &
1(
0/

#9805000
1!
0%
0)
1<
b1001011000100 =
1>
b1110110000001010000000010000000 ?
0D

#9806000
0$
0(

#9810000
0!

#9815000
1!
14
b1001011000100 6
b1110110000001010000000010000000 7
bx :
0<
0>
0C
1E
b1001011000100 G
b1110110000001010000000010000000 H
bx K
1S
1a
b10110001 b
bx c
b10110001 e
b1 i

#9820000
0!

#9825000
1!
1+
04
b0 :
0E
b0 K
0S
0a
b1110110000001010000000010000000 c

#9830000
0!

#9835000
1!
1%
1)
0+
1,
1/
1C
1D

#9840000
0!

#9845000
1!

#9846000
0,

#9850000
0!
b1001011001000 #
1$
b10011001000000000000000000000 &
1(
0/

#9855000
1!
0%
0)
1<
b1001011001000 =
1>
b10011001000000000000000000000 ?
0D

#9856000
0$
0(

#9860000
0!

#9865000
1!
14
b1001011001000 6
b10011001000000000000000000000 7
bx :
0<
0>
0C
1E
b1001011001000 G
b10011001000000000000000000000 H
bx K
1S
1a
b10110010 b
bx c
b10110010 e
b10 i

#9870000
0!

#9875000
1!
1+
04
b0 :
0E
b0 K
0S
0a
b10011001000000000000000000000 c

#9880000
0!

#9885000
1!
1%
1)
0+
1,
1/
1C
1D

#9890000
0!

#9895000
1!

#9896000
0,

#9900000
0!
b1001011001100 #
1$
b1010101000100000000000000000000 &
1(
0/

#9905000
1!
0%
0)
1<
b1001011001100 =
1>
b1010101000100000000000000000000 ?
0D

#9906000
0$
0(

#9910000
0!

#9915000
1!
14
b1001011001100 6
b1010101000100000000000000000000 7
bx :
0<
0>
0C
1E
b1001011001100 G
b1010101000100000000000000000000 H
bx K
1S
1a
b10110011 b
bx c
b10110011 e
b11 i

#9920000
0!

#9925000
1!
1+
04
b0 :
0E
b0 K
0S
0a
b1010101000100000000000000000000 c

#9930000
0!

#9935000
1!
1%
1)
0+
1,
1/
1C
1D

#9940000
0!

#9945000
1!

#9946000
0,

#9950000
0!
b1001011010000 #
1$
b1110110001101010000000000000000 &
1(
0/

#9955000
1!
0%
0)
1<
b1001011010000 =
1>
b1110110001101010000000000000000 ?
0D

#9956000
0$
0(

#9960000
0!

#9965000
1!
14
b1001011010000 6
b1110110001101010000000000000000 7
bx :
0<
0>
0C
1E
b1001011010000 G
b1110110001101010000000000000000 H
bx K
1S
1a
b10110100 b
bx c
b10110100 e
b100 i

#9970000
0!

#9975000
1!
1+
04
b0 :
0E
b0 K
0S
0a
b1110110001101010000000000000000 c

#9980000
0!

#9985000
1!
1%
1)
0+
1,
1/
1C
1D

#9990000
0!

#9995000
1!

#9996000
0,

#10000000
0!
b1001011010100 #
1$
b10011001000000000000000000001 &
1(
0/

#10005000
1!
0%
0)
1<
b1001011010100 =
1>
b10011001000000000000000000001 ?
0D

#10006000
0$
0(

#10010000
0!

#10015000
1!
14
b1001011010100 6
b10011001000000000000000000001 7
bx :
0<
0>
0C
1E
b1001011010100 G
b10011001000000000000000000001 H
bx K
1S
1a
b10110101 b
bx c
b10110101 e
b101 i

#10020000
0!

#10025000
1!
1+
04
b0 :
0E
b0 K
0S
0a
b10011001000000000000000000001 c

#10030000
0!

#10035000
1!
1%
1)
0+
1,
1/
1C
1D

#10040000
0!

#10045000
1!

#10046000
0,

#10050000
0!
b1001011011000 #
1$
b1010101000100000000000000000001 &
1(
0/

#10055000
1!
0%
0)
1<
b1001011011000 =
1>
b1010101000100000000000000000001 ?
0D

#10056000
0$
0(

#10060000
0!

#10065000
1!
14
b1001011011000 6
b1010101000100000000000000000001 7
bx :
0<
0>
0C
1E
b1001011011000 G
b1010101000100000000000000000001 H
bx K
1S
1a
b10110110 b
bx c
b10110110 e
b110 i

#10070000
0!

#10075000
1!
1+
04
b0 :
0E
b0 K
0S
0a
b1010101000100000000000000000001 c

#10080000
0!

#10085000
1!
1%
1)
0+
1,
1/
1C
1D

#10090000
0!

#10095000
1!

#10096000
0,

#10100000
0!
b1001011011100 #
1$
b1110110001101010000000000000000 &
1(
0/

#10105000
1!
0%
0)
1<
b1001011011100 =
1>
b1110110001101010000000000000000 ?
0D

#10106000
0$
0(

#10110000
0!

#10115000
1!
14
b1001011011100 6
b1110110001101010000000000000000 7
bx :
0<
0>
0C
1E
b1001011011100 G
b1110110001101010000000000000000 H
bx K
1S
1a
b10110111 b
bx c
b10110111 e
b111 i

#10120000
0!

#10125000
1!
1+
04
b0 :
0E
b0 K
0S
0a
b1110110001101010000000000000000 c

#10130000
0!

#10135000
1!
1%
1)
0+
1,
1/
1C
1D

#10140000
0!

#10145000
1!

#10146000
0,

#10150000
0!
b1001011100000 #
1$
b10011001000000000000000000010 &
1(
0/

#10155000
1!
0%
0)
1<
b1001011100000 =
1>
b10011001000000000000000000010 ?
0D

#10156000
0$
0(

#10160000
0!

#10165000
1!
14
b1001011100000 6
b10011001000000000000000000010 7
bx :
0<
0>
0C
1E
b1001011100000 G
b10011001000000000000000000010 H
bx K
1S
1a
b10111000 b
bx c
b10111000 e
b1000 i

#10170000
0!

#10175000
1!
1+
04
b0 :
0E
b0 K
0S
0a
b10011001000000000000000000010 c

#10180000
0!

#10185000
1!
1%
1)
0+
1,
1/
1C
1D

#10190000
0!

#10195000
1!

#10196000
0,

#10200000
0!
b1001011100100 #
1$
b1010101000100000000000000000010 &
1(
0/

#10205000
1!
0%
0)
1<
b1001011100100 =
1>
b1010101000100000000000000000010 ?
0D

#10206000
0$
0(

#10210000
0!

#10215000
1!
14
b1001011100100 6
b1010101000100000000000000000010 7
bx :
0<
0>
0C
1E
b1001011100100 G
b1010101000100000000000000000010 H
bx K
1S
1a
b10111001 b
bx c
b10111001 e
b1001 i

#10220000
0!

#10225000
1!
1+
04
b0 :
0E
b0 K
0S
0a
b1010101000100000000000000000010 c

#10230000
0!

#10235000
1!
1%
1)
0+
1,
1/
1C
1D

#10240000
0!

#10245000
1!

#10246000
0,

#10250000
0!
b1001011101000 #
1$
b1110110001101010000000000000000 &
1(
0/

#10255000
1!
0%
0)
1<
b1001011101000 =
1>
b1110110001101010000000000000000 ?
0D

#10256000
0$
0(

#10260000
0!

#10265000
1!
14
b1001011101000 6
b1110110001101010000000000000000 7
bx :
0<
0>
0C
1E
b1001011101000 G
b1110110001101010000000000000000 H
bx K
1S
1a
b10111010 b
bx c
b10111010 e
b1010 i

#10270000
0!

#10275000
1!
1+
04
b0 :
0E
b0 K
0S
0a
b1110110001101010000000000000000 c

#10280000
0!

#10285000
1!
1%
1)
0+
1,
1/
1C
1D

#10290000
0!

#10295000
1!

#10296000
0,

#10300000
0!
b1001011101100 #
1$
b10011001000000000000000000011 &
1(
0/

#10305000
1!
0%
0)
1<
b1001011101100 =
1>
b10011001000000000000000000011 ?
0D

#10306000
0$
0(

#10310000
0!

#10315000
1!
14
b1001011101100 6
b10011001000000000000000000011 7
bx :
0<
0>
0C
1E
b1001011101100 G
b10011001000000000000000000011 H
bx K
1S
1a
b10111011 b
bx c
b10111011 e
b1011 i

#10320000
0!

#10325000
1!
1+
04
b0 :
0E
b0 K
0S
0a
b10011001000000000000000000011 c

#10330000
0!

#10335000
1!
1%
1)
0+
1,
1/
1C
1D

#10340000
0!

#10345000
1!

#10346000
0,

#10350000
0!
b1001011110000 #
1$
b1010101000100000000000000000011 &
1(
0/

#10355000
1!
0%
0)
1<
b1001011110000 =
1>
b1010101000100000000000000000011 ?
0D

#10356000
0$
0(

#10360000
0!

#10365000
1!
14
b1001011110000 6
b1010101000100000000000000000011 7
bx :
0<
0>
0C
1E
b1001011110000 G
b1010101000100000000000000000011 H
bx K
1S
1a
b10111100 b
bx c
b10111100 e
b1100 i

#10370000
0!

#10375000
1!
1+
04
b0 :
0E
b0 K
0S
0a
b1010101000100000000000000000011 c

#10380000
0!

#10385000
1!
1%
1)
0+
1,
1/
1C
1D

#10390000
0!

#10395000
1!

#10396000
0,

#10400000
0!
b1001011110100 #
1$
b1110110001101010000000000000000 &
1(
0/

#10405000
1!
0%
0)
1<
b1001011110100 =
1>
b1110110001101010000000000000000 ?
0D

#10406000
0$
0(

#10410000
0!

#10415000
1!
14
b1001011110100 6
b1110110001101010000000000000000 7
bx :
0<
0>
0C
1E
b1001011110100 G
b1110110001101010000000000000000 H
bx K
1S
1a
b10111101 b
bx c
b10111101 e
b1101 i

#10420000
0!

#10425000
1!
1+
04
b0 :
0E
b0 K
0S
0a
b1110110001101010000000000000000 c

#10430000
0!

#10435000
1!
1%
1)
0+
1,
1/
1C
1D

#10440000
0!

#10445000
1!

#10446000
0,

#10450000
0!
b1001011111000 #
1$
b10011001000000000000000000100 &
1(
0/

#10455000
1!
0%
0)
1<
b1001011111000 =
1>
b10011001000000000000000000100 ?
0D

#10456000
0$
0(

#10460000
0!

#10465000
1!
14
b1001011111000 6
b10011001000000000000000000100 7
bx :
0<
0>
0C
1E
b1001011111000 G
b10011001000000000000000000100 H
bx K
1S
1a
b10111110 b
bx c
b10111110 e
b1110 i

#10470000
0!

#10475000
1!
1+
04
b0 :
0E
b0 K
0S
0a
b10011001000000000000000000100 c

#10480000
0!

#10485000
1!
1%
1)
0+
1,
1/
1C
1D

#10490000
0!

#10495000
1!

#10496000
0,

#10500000
0!
b1001011111100 #
1$
b1010101000100000000000000000100 &
1(
0/

#10505000
1!
0%
0)
1<
b1001011111100 =
1>
b1010101000100000000000000000100 ?
0D

#10506000
0$
0(

#10510000
0!

#10515000
1!
14
b1001011111100 6
b1010101000100000000000000000100 7
bx :
0<
0>
0C
1E
b1001011111100 G
b1010101000100000000000000000100 H
bx K
1S
1a
b10111111 b
bx c
b10111111 e
b1111 i

#10520000
0!

#10525000
1!
1+
04
b0 :
0E
b0 K
0S
0a
b1010101000100000000000000000100 c

#10530000
0!

#10535000
1!
1%
1)
0+
1,
1/
1C
1D

#10540000
0!

#10545000
1!

#10546000
0,

#10550000
0!
b1001100000000 #
1$
b1110110001101010000000000000000 &
1(
0/

#10555000
1!
0%
0)
1<
b1001100000000 =
1>
b1110110001101010000000000000000 ?
0D

#10556000
0$
0(

#10560000
0!

#10565000
1!
14
b1001100000000 6
b1110110001101010000000000000000 7
bx :
0<
0>
0C
1E
b1001100000000 G
b1110110001101010000000000000000 H
bx K
1S
1a
b11000000 b
bx c
b11000000 e
b1001100 h
b0 i

#10570000
0!

#10575000
1!
1+
04
b0 :
0E
b0 K
0S
0a
b1110110001101010000000000000000 c

#10580000
0!

#10585000
1!
1%
1)
0+
1,
1/
1C
1D

#10590000
0!

#10595000
1!

#10596000
0,

#10600000
0!
b1001100000100 #
1$
b10011001000000000000000000101 &
1(
0/

#10605000
1!
0%
0)
1<
b1001100000100 =
1>
b10011001000000000000000000101 ?
0D

#10606000
0$
0(

#10610000
0!

#10615000
1!
14
b1001100000100 6
b10011001000000000000000000101 7
bx :
0<
0>
0C
1E
b1001100000100 G
b10011001000000000000000000101 H
bx K
1S
1a
b11000001 b
bx c
b11000001 e
b1 i

#10620000
0!

#10625000
1!
1+
04
b0 :
0E
b0 K
0S
0a
b10011001000000000000000000101 c

#10630000
0!

#10635000
1!
1%
1)
0+
1,
1/
1C
1D

#10640000
0!

#10645000
1!

#10646000
0,

#10650000
0!
b1001100001000 #
1$
b1010101000100000000000000000101 &
1(
0/

#10655000
1!
0%
0)
1<
b1001100001000 =
1>
b1010101000100000000000000000101 ?
0D

#10656000
0$
0(

#10660000
0!

#10665000
1!
14
b1001100001000 6
b1010101000100000000000000000101 7
bx :
0<
0>
0C
1E
b1001100001000 G
b1010101000100000000000000000101 H
bx K
1S
1a
b11000010 b
bx c
b11000010 e
b10 i

#10670000
0!

#10675000
1!
1+
04
b0 :
0E
b0 K
0S
0a
b1010101000100000000000000000101 c

#10680000
0!

#10685000
1!
1%
1)
0+
1,
1/
1C
1D

#10690000
0!

#10695000
1!

#10696000
0,

#10700000
0!
b1001100001100 #
1$
b1110110001101010000000000000000 &
1(
0/

#10705000
1!
0%
0)
1<
b1001100001100 =
1>
b1110110001101010000000000000000 ?
0D

#10706000
0$
0(

#10710000
0!

#10715000
1!
14
b1001100001100 6
b1110110001101010000000000000000 7
bx :
0<
0>
0C
1E
b1001100001100 G
b1110110001101010000000000000000 H
bx K
1S
1a
b11000011 b
bx c
b11000011 e
b11 i

#10720000
0!

#10725000
1!
1+
04
b0 :
0E
b0 K
0S
0a
b1110110001101010000000000000000 c

#10730000
0!

#10735000
1!
1%
1)
0+
1,
1/
1C
1D

#10740000
0!

#10745000
1!

#10746000
0,

#10750000
0!
b1001100010000 #
1$
b10011001000000000000000000110 &
1(
0/

#10755000
1!
0%
0)
1<
b1001100010000 =
1>
b10011001000000000000000000110 ?
0D

#10756000
0$
0(

#10760000
0!

#10765000
1!
14
b1001100010000 6
b10011001000000000000000000110 7
bx :
0<
0>
0C
1E
b1001100010000 G
b10011001000000000000000000110 H
bx K
1S
1a
b11000100 b
bx c
b11000100 e
b100 i

#10770000
0!

#10775000
1!
1+
04
b0 :
0E
b0 K
0S
0a
b10011001000000000000000000110 c

#10780000
0!

#10785000
1!
1%
1)
0+
1,
1/
1C
1D

#10790000
0!

#10795000
1!

#10796000
0,

#10800000
0!
b1001100010100 #
1$
b1010101000100000000000000000110 &
1(
0/

#10805000
1!
0%
0)
1<
b1001100010100 =
1>
b1010101000100000000000000000110 ?
0D

#10806000
0$
0(

#10810000
0!

#10815000
1!
14
b1001100010100 6
b1010101000100000000000000000110 7
bx :
0<
0>
0C
1E
b1001100010100 G
b1010101000100000000000000000110 H
bx K
1S
1a
b11000101 b
bx c
b11000101 e
b101 i

#10820000
0!

#10825000
1!
1+
04
b0 :
0E
b0 K
0S
0a
b1010101000100000000000000000110 c

#10830000
0!

#10835000
1!
1%
1)
0+
1,
1/
1C
1D

#10840000
0!

#10845000
1!

#10846000
0,

#10850000
0!
b1001100011000 #
1$
b1110110001101010000000000000000 &
1(
0/

#10855000
1!
0%
0)
1<
b1001100011000 =
1>
b1110110001101010000000000000000 ?
0D

#10856000
0$
0(

#10860000
0!

#10865000
1!
14
b1001100011000 6
b1110110001101010000000000000000 7
bx :
0<
0>
0C
1E
b1001100011000 G
b1110110001101010000000000000000 H
bx K
1S
1a
b11000110 b
bx c
b11000110 e
b110 i

#10870000
0!

#10875000
1!
1+
04
b0 :
0E
b0 K
0S
0a
b1110110001101010000000000000000 c

#10880000
0!

#10885000
1!
1%
1)
0+
1,
1/
1C
1D

#10890000
0!

#10895000
1!

#10896000
0,

#10900000
0!
b1001100011100 #
1$
b10011001000000000000000000111 &
1(
0/

#10905000
1!
0%
0)
1<
b1001100011100 =
1>
b10011001000000000000000000111 ?
0D

#10906000
0$
0(

#10910000
0!

#10915000
1!
14
b1001100011100 6
b10011001000000000000000000111 7
bx :
0<
0>
0C
1E
b1001100011100 G
b10011001000000000000000000111 H
bx K
1S
1a
b11000111 b
bx c
b11000111 e
b111 i

#10920000
0!

#10925000
1!
1+
04
b0 :
0E
b0 K
0S
0a
b10011001000000000000000000111 c

#10930000
0!

#10935000
1!
1%
1)
0+
1,
1/
1C
1D

#10940000
0!

#10945000
1!

#10946000
0,

#10950000
0!
b1001100100000 #
1$
b1010101000100000000000000000111 &
1(
0/

#10955000
1!
0%
0)
1<
b1001100100000 =
1>
b1010101000100000000000000000111 ?
0D

#10956000
0$
0(

#10960000
0!

#10965000
1!
14
b1001100100000 6
b1010101000100000000000000000111 7
bx :
0<
0>
0C
1E
b1001100100000 G
b1010101000100000000000000000111 H
bx K
1S
1a
b11001000 b
bx c
b11001000 e
b1000 i

#10970000
0!

#10975000
1!
1+
04
b0 :
0E
b0 K
0S
0a
b1010101000100000000000000000111 c

#10980000
0!

#10985000
1!
1%
1)
0+
1,
1/
1C
1D

#10990000
0!

#10995000
1!

#10996000
0,

#11000000
0!
b1001100100100 #
1$
b1110110001101010000000000000000 &
1(
0/

#11005000
1!
0%
0)
1<
b1001100100100 =
1>
b1110110001101010000000000000000 ?
0D

#11006000
0$
0(

#11010000
0!

#11015000
1!
14
b1001100100100 6
b1110110001101010000000000000000 7
bx :
0<
0>
0C
1E
b1001100100100 G
b1110110001101010000000000000000 H
bx K
1S
1a
b11001001 b
bx c
b11001001 e
b1001 i

#11020000
0!

#11025000
1!
1+
04
b0 :
0E
b0 K
0S
0a
b1110110001101010000000000000000 c

#11030000
0!

#11035000
1!
1%
1)
0+
1,
1/
1C
1D

#11040000
0!

#11045000
1!

#11046000
0,

#11050000
0!
b1001100101000 #
1$
b110001000100000001011000000000 &
1(
0/

#11055000
1!
0%
0)
1<
b1001100101000 =
1>
b110001000100000001011000000000 ?
0D

#11056000
0$
0(

#11060000
0!

#11065000
1!
14
b1001100101000 6
b110001000100000001011000000000 7
bx :
0<
0>
0C
1E
b1001100101000 G
b110001000100000001011000000000 H
bx K
1S
1a
b11001010 b
bx c
b11001010 e
b1010 i

#11070000
0!

#11075000
1!
1+
04
b0 :
0E
b0 K
0S
0a
b110001000100000001011000000000 c

#11080000
0!

#11085000
1!
1%
1)
0+
1,
1/
1C
1D

#11090000
0!

#11095000
1!

#11096000
0,

#11100000
0!
b1001100101100 #
1$
b1100000000101100000000000000000 &
1(
0/

#11105000
1!
0%
0)
1<
b1001100101100 =
1>
b1100000000101100000000000000000 ?
0D

#11106000
0$
0(

#11110000
0!

#11115000
1!
14
b1001100101100 6
b1100000000101100000000000000000 7
bx :
0<
0>
0C
1E
b1001100101100 G
b1100000000101100000000000000000 H
bx K
1S
1a
b11001011 b
bx c
b11001011 e
b1011 i

#11120000
0!

#11125000
1!
1+
04
b0 :
0E
b0 K
0S
0a
b1100000000101100000000000000000 c

#11130000
0!

#11135000
1!
1%
1)
0+
1,
1/
1C
1D

#11140000
0!

#11145000
1!

#11146000
0,

#11150000
0!
b1001100110000 #
1$
b110010001000000011100000000000 &
1(
0/

#11155000
1!
0%
0)
1<
b1001100110000 =
1>
b110010001000000011100000000000 ?
0D

#11156000
0$
0(

#11160000
0!

#11165000
1!
14
b1001100110000 6
b110010001000000011100000000000 7
bx :
0<
0>
0C
1E
b1001100110000 G
b110010001000000011100000000000 H
bx K
1S
1a
b11001100 b
bx c
b11001100 e
b1100 i

#11170000
0!

#11175000
1!
1+
04
b0 :
0E
b0 K
0S
0a
b110010001000000011100000000000 c

#11180000
0!

#11185000
1!
1%
1)
0+
1,
1/
1C
1D

#11190000
0!

#11195000
1!

#11196000
0,

#11200000
0!
b1001100110100 #
1$
b110001000100000000000000000000 &
1(
0/

#11205000
1!
0%
0)
1<
b1001100110100 =
1>
b110001000100000000000000000000 ?
0D

#11206000
0$
0(

#11210000
0!

#11215000
1!
14
b1001100110100 6
b110001000100000000000000000000 7
bx :
0<
0>
0C
1E
b1001100110100 G
b110001000100000000000000000000 H
bx K
1S
1a
b11001101 b
bx c
b11001101 e
b1101 i

#11220000
0!

#11225000
1!
1+
04
b0 :
0E
b0 K
0S
0a
b110001000100000000000000000000 c

#11230000
0!

#11235000
1!
1%
1)
0+
1,
1/
1C
1D

#11240000
0!

#11245000
1!

#11246000
0,

#11250000
0!
b1001100111000 #
1$
b1110110000001010000000010000000 &
1(
0/

#11255000
1!
0%
0)
1<
b1001100111000 =
1>
b1110110000001010000000010000000 ?
0D

#11256000
0$
0(

#11260000
0!

#11265000
1!
14
b1001100111000 6
b1110110000001010000000010000000 7
bx :
0<
0>
0C
1E
b1001100111000 G
b1110110000001010000000010000000 H
bx K
1S
1a
b11001110 b
bx c
b11001110 e
b1110 i

#11270000
0!

#11275000
1!
1+
04
b0 :
0E
b0 K
0S
0a
b1110110000001010000000010000000 c

#11280000
0!

#11285000
1!
1%
1)
0+
1,
1/
1C
1D

#11290000
0!

#11295000
1!

#11296000
0,

#11300000
0!
b1001100111100 #
1$
b10011001000000000000000000000 &
1(
0/

#11305000
1!
0%
0)
1<
b1001100111100 =
1>
b10011001000000000000000000000 ?
0D

#11306000
0$
0(

#11310000
0!

#11315000
1!
14
b1001100111100 6
b10011001000000000000000000000 7
bx :
0<
0>
0C
1E
b1001100111100 G
b10011001000000000000000000000 H
bx K
1S
1a
b11001111 b
bx c
b11001111 e
b1111 i

#11320000
0!

#11325000
1!
1+
04
b0 :
0E
b0 K
0S
0a
b10011001000000000000000000000 c

#11330000
0!

#11335000
1!
1%
1)
0+
1,
1/
1C
1D

#11340000
0!

#11345000
1!

#11346000
0,

#11350000
0!
b1001101000000 #
1$
b1010101000100000000000000000000 &
1(
0/

#11355000
1!
0%
0)
1<
b1001101000000 =
1>
b1010101000100000000000000000000 ?
0D

#11356000
0$
0(

#11360000
0!

#11365000
1!
14
b1001101000000 6
b1010101000100000000000000000000 7
bx :
0<
0>
0C
1E
b1001101000000 G
b1010101000100000000000000000000 H
bx K
1S
1a
b11010000 b
bx c
b11010000 e
b1001101 h
b0 i

#11370000
0!

#11375000
1!
1+
04
b0 :
0E
b0 K
0S
0a
b1010101000100000000000000000000 c

#11380000
0!

#11385000
1!
1%
1)
0+
1,
1/
1C
1D

#11390000
0!

#11395000
1!

#11396000
0,

#11400000
0!
b1001101000100 #
1$
b1110110001101010000000000000000 &
1(
0/

#11405000
1!
0%
0)
1<
b1001101000100 =
1>
b1110110001101010000000000000000 ?
0D

#11406000
0$
0(

#11410000
0!

#11415000
1!
14
b1001101000100 6
b1110110001101010000000000000000 7
bx :
0<
0>
0C
1E
b1001101000100 G
b1110110001101010000000000000000 H
bx K
1S
1a
b11010001 b
bx c
b11010001 e
b1 i

#11420000
0!

#11425000
1!
1+
04
b0 :
0E
b0 K
0S
0a
b1110110001101010000000000000000 c

#11430000
0!

#11435000
1!
1%
1)
0+
1,
1/
1C
1D

#11440000
0!

#11445000
1!

#11446000
0,

#11450000
0!
b1001101001000 #
1$
b10011001000000000000000000001 &
1(
0/

#11455000
1!
0%
0)
1<
b1001101001000 =
1>
b10011001000000000000000000001 ?
0D

#11456000
0$
0(

#11460000
0!

#11465000
1!
14
b1001101001000 6
b10011001000000000000000000001 7
bx :
0<
0>
0C
1E
b1001101001000 G
b10011001000000000000000000001 H
bx K
1S
1a
b11010010 b
bx c
b11010010 e
b10 i

#11470000
0!

#11475000
1!
1+
04
b0 :
0E
b0 K
0S
0a
b10011001000000000000000000001 c

#11480000
0!

#11485000
1!
1%
1)
0+
1,
1/
1C
1D

#11490000
0!

#11495000
1!

#11496000
0,

#11500000
0!
b1001101001100 #
1$
b1010101000100000000000000000001 &
1(
0/

#11505000
1!
0%
0)
1<
b1001101001100 =
1>
b1010101000100000000000000000001 ?
0D

#11506000
0$
0(

#11510000
0!

#11515000
1!
14
b1001101001100 6
b1010101000100000000000000000001 7
bx :
0<
0>
0C
1E
b1001101001100 G
b1010101000100000000000000000001 H
bx K
1S
1a
b11010011 b
bx c
b11010011 e
b11 i

#11520000
0!

#11525000
1!
1+
04
b0 :
0E
b0 K
0S
0a
b1010101000100000000000000000001 c

#11530000
0!

#11535000
1!
1%
1)
0+
1,
1/
1C
1D

#11540000
0!

#11545000
1!

#11546000
0,

#11550000
0!
b1001101010000 #
1$
b1110110001101010000000000000000 &
1(
0/

#11555000
1!
0%
0)
1<
b1001101010000 =
1>
b1110110001101010000000000000000 ?
0D

#11556000
0$
0(

#11560000
0!

#11565000
1!
14
b1001101010000 6
b1110110001101010000000000000000 7
bx :
0<
0>
0C
1E
b1001101010000 G
b1110110001101010000000000000000 H
bx K
1S
1a
b11010100 b
bx c
b11010100 e
b100 i

#11570000
0!

#11575000
1!
1+
04
b0 :
0E
b0 K
0S
0a
b1110110001101010000000000000000 c

#11580000
0!

#11585000
1!
1%
1)
0+
1,
1/
1C
1D

#11590000
0!

#11595000
1!

#11596000
0,

#11600000
0!
b1001101010100 #
1$
b10011001000000000000000000010 &
1(
0/

#11605000
1!
0%
0)
1<
b1001101010100 =
1>
b10011001000000000000000000010 ?
0D

#11606000
0$
0(

#11610000
0!

#11615000
1!
14
b1001101010100 6
b10011001000000000000000000010 7
bx :
0<
0>
0C
1E
b1001101010100 G
b10011001000000000000000000010 H
bx K
1S
1a
b11010101 b
bx c
b11010101 e
b101 i

#11620000
0!

#11625000
1!
1+
04
b0 :
0E
b0 K
0S
0a
b10011001000000000000000000010 c

#11630000
0!

#11635000
1!
1%
1)
0+
1,
1/
1C
1D

#11640000
0!

#11645000
1!

#11646000
0,

#11650000
0!
b1001101011000 #
1$
b1010101000100000000000000000010 &
1(
0/

#11655000
1!
0%
0)
1<
b1001101011000 =
1>
b1010101000100000000000000000010 ?
0D

#11656000
0$
0(

#11660000
0!

#11665000
1!
14
b1001101011000 6
b1010101000100000000000000000010 7
bx :
0<
0>
0C
1E
b1001101011000 G
b1010101000100000000000000000010 H
bx K
1S
1a
b11010110 b
bx c
b11010110 e
b110 i

#11670000
0!

#11675000
1!
1+
04
b0 :
0E
b0 K
0S
0a
b1010101000100000000000000000010 c

#11680000
0!

#11685000
1!
1%
1)
0+
1,
1/
1C
1D

#11690000
0!

#11695000
1!

#11696000
0,

#11700000
0!
b1001101011100 #
1$
b1110110001101010000000000000000 &
1(
0/

#11705000
1!
0%
0)
1<
b1001101011100 =
1>
b1110110001101010000000000000000 ?
0D

#11706000
0$
0(

#11710000
0!

#11715000
1!
14
b1001101011100 6
b1110110001101010000000000000000 7
bx :
0<
0>
0C
1E
b1001101011100 G
b1110110001101010000000000000000 H
bx K
1S
1a
b11010111 b
bx c
b11010111 e
b111 i

#11720000
0!

#11725000
1!
1+
04
b0 :
0E
b0 K
0S
0a
b1110110001101010000000000000000 c

#11730000
0!

#11735000
1!
1%
1)
0+
1,
1/
1C
1D

#11740000
0!

#11745000
1!

#11746000
0,

#11750000
0!
b1001101100000 #
1$
b10011001000000000000000000011 &
1(
0/

#11755000
1!
0%
0)
1<
b1001101100000 =
1>
b10011001000000000000000000011 ?
0D

#11756000
0$
0(

#11760000
0!

#11765000
1!
14
b1001101100000 6
b10011001000000000000000000011 7
bx :
0<
0>
0C
1E
b1001101100000 G
b10011001000000000000000000011 H
bx K
1S
1a
b11011000 b
bx c
b11011000 e
b1000 i

#11770000
0!

#11775000
1!
1+
04
b0 :
0E
b0 K
0S
0a
b10011001000000000000000000011 c

#11780000
0!

#11785000
1!
1%
1)
0+
1,
1/
1C
1D

#11790000
0!

#11795000
1!

#11796000
0,

#11800000
0!
b1001101100100 #
1$
b1010101000100000000000000000011 &
1(
0/

#11805000
1!
0%
0)
1<
b1001101100100 =
1>
b1010101000100000000000000000011 ?
0D

#11806000
0$
0(

#11810000
0!

#11815000
1!
14
b1001101100100 6
b1010101000100000000000000000011 7
bx :
0<
0>
0C
1E
b1001101100100 G
b1010101000100000000000000000011 H
bx K
1S
1a
b11011001 b
bx c
b11011001 e
b1001 i

#11820000
0!

#11825000
1!
1+
04
b0 :
0E
b0 K
0S
0a
b1010101000100000000000000000011 c

#11830000
0!

#11835000
1!
1%
1)
0+
1,
1/
1C
1D

#11840000
0!

#11845000
1!

#11846000
0,

#11850000
0!
b1001101101000 #
1$
b1110110001101010000000000000000 &
1(
0/

#11855000
1!
0%
0)
1<
b1001101101000 =
1>
b1110110001101010000000000000000 ?
0D

#11856000
0$
0(

#11860000
0!

#11865000
1!
14
b1001101101000 6
b1110110001101010000000000000000 7
bx :
0<
0>
0C
1E
b1001101101000 G
b1110110001101010000000000000000 H
bx K
1S
1a
b11011010 b
bx c
b11011010 e
b1010 i

#11870000
0!

#11875000
1!
1+
04
b0 :
0E
b0 K
0S
0a
b1110110001101010000000000000000 c

#11880000
0!

#11885000
1!
1%
1)
0+
1,
1/
1C
1D

#11890000
0!

#11895000
1!

#11896000
0,

#11900000
0!
b1001101101100 #
1$
b10011001000000000000000000100 &
1(
0/

#11905000
1!
0%
0)
1<
b1001101101100 =
1>
b10011001000000000000000000100 ?
0D

#11906000
0$
0(

#11910000
0!

#11915000
1!
14
b1001101101100 6
b10011001000000000000000000100 7
bx :
0<
0>
0C
1E
b1001101101100 G
b10011001000000000000000000100 H
bx K
1S
1a
b11011011 b
bx c
b11011011 e
b1011 i

#11920000
0!

#11925000
1!
1+
04
b0 :
0E
b0 K
0S
0a
b10011001000000000000000000100 c

#11930000
0!

#11935000
1!
1%
1)
0+
1,
1/
1C
1D

#11940000
0!

#11945000
1!

#11946000
0,

#11950000
0!
b1001101110000 #
1$
b1010101000100000000000000000100 &
1(
0/

#11955000
1!
0%
0)
1<
b1001101110000 =
1>
b1010101000100000000000000000100 ?
0D

#11956000
0$
0(

#11960000
0!

#11965000
1!
14
b1001101110000 6
b1010101000100000000000000000100 7
bx :
0<
0>
0C
1E
b1001101110000 G
b1010101000100000000000000000100 H
bx K
1S
1a
b11011100 b
bx c
b11011100 e
b1100 i

#11970000
0!

#11975000
1!
1+
04
b0 :
0E
b0 K
0S
0a
b1010101000100000000000000000100 c

#11980000
0!

#11985000
1!
1%
1)
0+
1,
1/
1C
1D

#11990000
0!

#11995000
1!

#11996000
0,

#12000000
0!
b1001101110100 #
1$
b1110110001101010000000000000000 &
1(
0/

#12005000
1!
0%
0)
1<
b1001101110100 =
1>
b1110110001101010000000000000000 ?
0D

#12006000
0$
0(

#12010000
0!

#12015000
1!
14
b1001101110100 6
b1110110001101010000000000000000 7
bx :
0<
0>
0C
1E
b1001101110100 G
b1110110001101010000000000000000 H
bx K
1S
1a
b11011101 b
bx c
b11011101 e
b1101 i

#12020000
0!

#12025000
1!
1+
04
b0 :
0E
b0 K
0S
0a
b1110110001101010000000000000000 c

#12030000
0!

#12035000
1!
1%
1)
0+
1,
1/
1C
1D

#12040000
0!

#12045000
1!

#12046000
0,

#12050000
0!
b1001101111000 #
1$
b10011001000000000000000000101 &
1(
0/

#12055000
1!
0%
0)
1<
b1001101111000 =
1>
b10011001000000000000000000101 ?
0D

#12056000
0$
0(

#12060000
0!

#12065000
1!
14
b1001101111000 6
b10011001000000000000000000101 7
bx :
0<
0>
0C
1E
b1001101111000 G
b10011001000000000000000000101 H
bx K
1S
1a
b11011110 b
bx c
b11011110 e
b1110 i

#12070000
0!

#12075000
1!
1+
04
b0 :
0E
b0 K
0S
0a
b10011001000000000000000000101 c

#12080000
0!

#12085000
1!
1%
1)
0+
1,
1/
1C
1D

#12090000
0!

#12095000
1!

#12096000
0,

#12100000
0!
b1001101111100 #
1$
b1010101000100000000000000000101 &
1(
0/

#12105000
1!
0%
0)
1<
b1001101111100 =
1>
b1010101000100000000000000000101 ?
0D

#12106000
0$
0(

#12110000
0!

#12115000
1!
14
b1001101111100 6
b1010101000100000000000000000101 7
bx :
0<
0>
0C
1E
b1001101111100 G
b1010101000100000000000000000101 H
bx K
1S
1a
b11011111 b
bx c
b11011111 e
b1111 i

#12120000
0!

#12125000
1!
1+
04
b0 :
0E
b0 K
0S
0a
b1010101000100000000000000000101 c

#12130000
0!

#12135000
1!
1%
1)
0+
1,
1/
1C
1D

#12140000
0!

#12145000
1!

#12146000
0,

#12150000
0!
b1001110000000 #
1$
b1110110001101010000000000000000 &
1(
0/

#12155000
1!
0%
0)
1<
b1001110000000 =
1>
b1110110001101010000000000000000 ?
0D

#12156000
0$
0(

#12160000
0!

#12165000
1!
14
b1001110000000 6
b1110110001101010000000000000000 7
bx :
0<
0>
0C
1E
b1001110000000 G
b1110110001101010000000000000000 H
bx K
1S
1a
b11100000 b
bx c
b11100000 e
b1001110 h
b0 i

#12170000
0!

#12175000
1!
1+
04
b0 :
0E
b0 K
0S
0a
b1110110001101010000000000000000 c

#12180000
0!

#12185000
1!
1%
1)
0+
1,
1/
1C
1D

#12190000
0!

#12195000
1!

#12196000
0,

#12200000
0!
b1001110000100 #
1$
b10011001000000000000000000110 &
1(
0/

#12205000
1!
0%
0)
1<
b1001110000100 =
1>
b10011001000000000000000000110 ?
0D

#12206000
0$
0(

#12210000
0!

#12215000
1!
14
b1001110000100 6
b10011001000000000000000000110 7
bx :
0<
0>
0C
1E
b1001110000100 G
b10011001000000000000000000110 H
bx K
1S
1a
b11100001 b
bx c
b11100001 e
b1 i

#12220000
0!

#12225000
1!
1+
04
b0 :
0E
b0 K
0S
0a
b10011001000000000000000000110 c

#12230000
0!

#12235000
1!
1%
1)
0+
1,
1/
1C
1D

#12240000
0!

#12245000
1!

#12246000
0,

#12250000
0!
b1001110001000 #
1$
b1010101000100000000000000000110 &
1(
0/

#12255000
1!
0%
0)
1<
b1001110001000 =
1>
b1010101000100000000000000000110 ?
0D

#12256000
0$
0(

#12260000
0!

#12265000
1!
14
b1001110001000 6
b1010101000100000000000000000110 7
bx :
0<
0>
0C
1E
b1001110001000 G
b1010101000100000000000000000110 H
bx K
1S
1a
b11100010 b
bx c
b11100010 e
b10 i

#12270000
0!

#12275000
1!
1+
04
b0 :
0E
b0 K
0S
0a
b1010101000100000000000000000110 c

#12280000
0!

#12285000
1!
1%
1)
0+
1,
1/
1C
1D

#12290000
0!

#12295000
1!

#12296000
0,

#12300000
0!
b1001110001100 #
1$
b1110110001101010000000000000000 &
1(
0/

#12305000
1!
0%
0)
1<
b1001110001100 =
1>
b1110110001101010000000000000000 ?
0D

#12306000
0$
0(

#12310000
0!

#12315000
1!
14
b1001110001100 6
b1110110001101010000000000000000 7
bx :
0<
0>
0C
1E
b1001110001100 G
b1110110001101010000000000000000 H
bx K
1S
1a
b11100011 b
bx c
b11100011 e
b11 i

#12320000
0!

#12325000
1!
1+
04
b0 :
0E
b0 K
0S
0a
b1110110001101010000000000000000 c

#12330000
0!

#12335000
1!
1%
1)
0+
1,
1/
1C
1D

#12340000
0!

#12345000
1!

#12346000
0,

#12350000
0!
b1001110010000 #
1$
b10011001000000000000000000111 &
1(
0/

#12355000
1!
0%
0)
1<
b1001110010000 =
1>
b10011001000000000000000000111 ?
0D

#12356000
0$
0(

#12360000
0!

#12365000
1!
14
b1001110010000 6
b10011001000000000000000000111 7
bx :
0<
0>
0C
1E
b1001110010000 G
b10011001000000000000000000111 H
bx K
1S
1a
b11100100 b
bx c
b11100100 e
b100 i

#12370000
0!

#12375000
1!
1+
04
b0 :
0E
b0 K
0S
0a
b10011001000000000000000000111 c

#12380000
0!

#12385000
1!
1%
1)
0+
1,
1/
1C
1D

#12390000
0!

#12395000
1!

#12396000
0,

#12400000
0!
b1001110010100 #
1$
b1010101000100000000000000000111 &
1(
0/

#12405000
1!
0%
0)
1<
b1001110010100 =
1>
b1010101000100000000000000000111 ?
0D

#12406000
0$
0(

#12410000
0!

#12415000
1!
14
b1001110010100 6
b1010101000100000000000000000111 7
bx :
0<
0>
0C
1E
b1001110010100 G
b1010101000100000000000000000111 H
bx K
1S
1a
b11100101 b
bx c
b11100101 e
b101 i

#12420000
0!

#12425000
1!
1+
04
b0 :
0E
b0 K
0S
0a
b1010101000100000000000000000111 c

#12430000
0!

#12435000
1!
1%
1)
0+
1,
1/
1C
1D

#12440000
0!

#12445000
1!

#12446000
0,

#12450000
0!
b1001110011000 #
1$
b1110110001101010000000000000000 &
1(
0/

#12455000
1!
0%
0)
1<
b1001110011000 =
1>
b1110110001101010000000000000000 ?
0D

#12456000
0$
0(

#12460000
0!

#12465000
1!
14
b1001110011000 6
b1110110001101010000000000000000 7
bx :
0<
0>
0C
1E
b1001110011000 G
b1110110001101010000000000000000 H
bx K
1S
1a
b11100110 b
bx c
b11100110 e
b110 i

#12470000
0!

#12475000
1!
1+
04
b0 :
0E
b0 K
0S
0a
b1110110001101010000000000000000 c

#12480000
0!

#12485000
1!
1%
1)
0+
1,
1/
1C
1D

#12490000
0!

#12495000
1!

#12496000
0,

#12500000
0!
b1001110011100 #
1$
b110001000100000001011100000000 &
1(
0/

#12505000
1!
0%
0)
1<
b1001110011100 =
1>
b110001000100000001011100000000 ?
0D

#12506000
0$
0(

#12510000
0!

#12515000
1!
14
b1001110011100 6
b110001000100000001011100000000 7
bx :
0<
0>
0C
1E
b1001110011100 G
b110001000100000001011100000000 H
bx K
1S
1a
b11100111 b
bx c
b11100111 e
b111 i

#12520000
0!

#12525000
1!
1+
04
b0 :
0E
b0 K
0S
0a
b110001000100000001011100000000 c

#12530000
0!

#12535000
1!
1%
1)
0+
1,
1/
1C
1D

#12540000
0!

#12545000
1!

#12546000
0,

#12550000
0!
b1001110100000 #
1$
b1100000000101100000000000000000 &
1(
0/

#12555000
1!
0%
0)
1<
b1001110100000 =
1>
b1100000000101100000000000000000 ?
0D

#12556000
0$
0(

#12560000
0!

#12565000
1!
14
b1001110100000 6
b1100000000101100000000000000000 7
bx :
0<
0>
0C
1E
b1001110100000 G
b1100000000101100000000000000000 H
bx K
1S
1a
b11101000 b
bx c
b11101000 e
b1000 i

#12570000
0!

#12575000
1!
1+
04
b0 :
0E
b0 K
0S
0a
b1100000000101100000000000000000 c

#12580000
0!

#12585000
1!
1%
1)
0+
1,
1/
1C
1D

#12590000
0!

#12595000
1!

#12596000
0,

#12600000
0!
b1001110100100 #
1$
b11110000000000000000000000000000 &
1(
0/

#12605000
1!
0%
0)
1<
b1001110100100 =
1>
b11110000000000000000000000000000 ?
0D

#12606000
0$
0(

#12610000
0!

#12615000
1!
14
b1001110100100 6
b11110000000000000000000000000000 7
bx :
0<
0>
0C
1E
b1001110100100 G
b11110000000000000000000000000000 H
bx K
1S
1a
b11101001 b
bx c
b11101001 e
b1001 i

#12620000
0!

#12625000
1!
1+
04
b0 :
0E
b0 K
0S
0a
b11110000000000000000000000000000 c

#12630000
0!

#12635000
1!
1%
1)
0+
1,
1/
1C
1D

#12640000
0!

#12645000
1!

#12646000
0,

#12650000
0!
b10000000000000 #
1$
b1 &
b11 '
1(
0/

#12655000
1!
0%
0)
1<
b10000000000000 =
1>
b1 ?
b11 @
0D

#12656000
0$
0(

#12660000
0!

#12665000
1!
14
b10000000000000 6
b1 7
b11 8
b0xxxxxxxxxxxxxxxx :
0<
0>
0C
1E
b10000000000000 G
b1 H
b11 I
b0xxxxxxxxxxxxxxxx K
1S
0Z
1[
b0 b
b111111111100000000100000000000 c
1d
b0 e
b10000000 h
b0 i

#12670000
0!

#12675000
1!
1+
04
b0 :
0E
b0 K
0S
0d
b1 f

#12680000
0!

#12685000
1!
1%
1)
0+
1,
1/
1C
1D

#12690000
0!

#12695000
1!

#12696000
0,

#12700000
0!
b10000000000100 #
1$
b11 &
1(
0/

#12705000
1!
0%
0)
1<
b10000000000100 =
1>
b11 ?
0D

#12706000
0$
0(

#12710000
0!

#12715000
1!
14
b10000000000100 6
b11 7
b0xxxxxxxxxxxxxxxx :
0<
0>
0C
1E
b10000000000100 G
b11 H
b0xxxxxxxxxxxxxxxx K
1S
b1 b
b110010001000000000000000000000 c
1d
b1 e
b0xxxxxxxxxxxxxxxx f
b1 i

#12720000
0!

#12725000
1!
1+
04
b0 :
0E
b0 K
0S
0d
b11 f

#12730000
0!

#12735000
1!
1%
1)
0+
1,
1/
1C
1D

#12740000
0!

#12745000
1!

#12746000
0,

#12750000
0!
b10000000001000 #
1$
b101 &
1(
0/

#12755000
1!
0%
0)
1<
b10000000001000 =
1>
b101 ?
0D

#12756000
0$
0(

#12760000
0!

#12765000
1!
14
b10000000001000 6
b101 7
b0xxxxxxxxxxxxxxxx :
0<
0>
0C
1E
b10000000001000 G
b101 H
b0xxxxxxxxxxxxxxxx K
1S
b10 b
b110001000100000000000000000000 c
1d
b10 e
b0xxxxxxxxxxxxxxxx f
b10 i

#12770000
0!

#12775000
1!
1+
04
b0 :
0E
b0 K
0S
0d
b101 f

#12780000
0!

#12785000
1!
1%
1)
0+
1,
1/
1C
1D

#12790000
0!

#12795000
1!

#12796000
0,

#12800000
0!
b10000000001100 #
1$
b111 &
1(
0/

#12805000
1!
0%
0)
1<
b10000000001100 =
1>
b111 ?
0D

#12806000
0$
0(

#12810000
0!

#12815000
1!
14
b10000000001100 6
b111 7
b0xxxxxxxxxxxxxxxx :
0<
0>
0C
1E
b10000000001100 G
b111 H
b0xxxxxxxxxxxxxxxx K
1S
b11 b
b1110110000001010000000010000000 c
1d
b11 e
b0xxxxxxxxxxxxxxxx f
b11 i

#12820000
0!

#12825000
1!
1+
04
b0 :
0E
b0 K
0S
0d
b111 f

#12830000
0!

#12835000
1!
1%
1)
0+
1,
1/
1C
1D

#12840000
0!

#12845000
1!

#12846000
0,

#12850000
0!
b10000000010000 #
1$
b10 &
1(
0/

#12855000
1!
0%
0)
1<
b10000000010000 =
1>
b10 ?
0D

#12856000
0$
0(

#12860000
0!

#12865000
1!
14
b10000000010000 6
b10 7
b0xxxxxxxxxxxxxxxx :
0<
0>
0C
1E
b10000000010000 G
b10 H
b0xxxxxxxxxxxxxxxx K
1S
b100 b
b10011001000000000000000000000 c
1d
b100 e
b0xxxxxxxxxxxxxxxx f
b100 i

#12870000
0!

#12875000
1!
1+
04
b0 :
0E
b0 K
0S
0d
b10 f

#12880000
0!

#12885000
1!
1%
1)
0+
1,
1/
1C
1D

#12890000
0!

#12895000
1!

#12896000
0,

#12900000
0!
b10000000010100 #
1$
b100 &
1(
0/

#12905000
1!
0%
0)
1<
b10000000010100 =
1>
b100 ?
0D

#12906000
0$
0(

#12910000
0!

#12915000
1!
14
b10000000010100 6
b100 7
b0xxxxxxxxxxxxxxxx :
0<
0>
0C
1E
b10000000010100 G
b100 H
b0xxxxxxxxxxxxxxxx K
1S
b101 b
b1010101000100000000000000000000 c
1d
b101 e
b0xxxxxxxxxxxxxxxx f
b101 i

#12920000
0!

#12925000
1!
1+
04
b0 :
0E
b0 K
0S
0d
b100 f

#12930000
0!

#12935000
1!
1%
1)
0+
1,
1/
1C
1D

#12940000
0!

#12945000
1!

#12946000
0,

#12950000
0!
b10000000011000 #
1$
b110 &
1(
0/

#12955000
1!
0%
0)
1<
b10000000011000 =
1>
b110 ?
0D

#12956000
0$
0(

#12960000
0!

#12965000
1!
14
b10000000011000 6
b110 7
b0xxxxxxxxxxxxxxxx :
0<
0>
0C
1E
b10000000011000 G
b110 H
b0xxxxxxxxxxxxxxxx K
1S
b110 b
b1110110001101010000000000000000 c
1d
b110 e
b0xxxxxxxxxxxxxxxx f
b110 i

#12970000
0!

#12975000
1!
1+
04
b0 :
0E
b0 K
0S
0d
b110 f

#12980000
0!

#12985000
1!
1%
1)
0+
1,
1/
1C
1D

#12990000
0!

#12995000
1!

#12996000
0,

#13000000
0!
b10000000011100 #
1$
b1 &
1(
0/

#13005000
1!
0%
0)
1<
b10000000011100 =
1>
b1 ?
0D

#13006000
0$
0(

#13010000
0!

#13015000
1!
14
b10000000011100 6
b1 7
b0xxxxxxxxxxxxxxxx :
0<
0>
0C
1E
b10000000011100 G
b1 H
b0xxxxxxxxxxxxxxxx K
1S
b111 b
b10011001000000000000000000001 c
1d
b111 e
b0xxxxxxxxxxxxxxxx f
b111 i

#13020000
0!

#13025000
1!
1+
04
b0 :
0E
b0 K
0S
0d
b1 f

#13030000
0!

#13035000
1!
1%
1)
0+
1,
1/
1C
1D

#13040000
0!

#13045000
1!

#13046000
0,

#13050000
0!
b10000000100000 #
1$
b100 &
1(
0/

#13055000
1!
0%
0)
1<
b10000000100000 =
1>
b100 ?
0D

#13056000
0$
0(

#13060000
0!

#13065000
1!
14
b10000000100000 6
b100 7
b0xxxxxxxxxxxxxxxx :
0<
0>
0C
1E
b10000000100000 G
b100 H
b0xxxxxxxxxxxxxxxx K
1S
b1000 b
b1010101000100000000000000000001 c
1d
b1000 e
b0xxxxxxxxxxxxxxxx f
b1000 i

#13070000
0!

#13075000
1!
1+
04
b0 :
0E
b0 K
0S
0d
b100 f

#13080000
0!

#13085000
1!
1%
1)
0+
1,
1/
1C
1D

#13090000
0!

#13095000
1!

#13096000
0,

#13100000
0!
b10000000100100 #
1$
b110 &
1(
0/

#13105000
1!
0%
0)
1<
b10000000100100 =
1>
b110 ?
0D

#13106000
0$
0(

#13110000
0!

#13115000
1!
14
b10000000100100 6
b110 7
b0xxxxxxxxxxxxxxxx :
0<
0>
0C
1E
b10000000100100 G
b110 H
b0xxxxxxxxxxxxxxxx K
1S
b1001 b
b1110110001101010000000000000000 c
1d
b1001 e
b0xxxxxxxxxxxxxxxx f
b1001 i

#13120000
0!

#13125000
1!
1+
04
b0 :
0E
b0 K
0S
0d
b110 f

#13130000
0!

#13135000
1!
1%
1)
0+
1,
1/
1C
1D

#13140000
0!

#13145000
1!

#13146000
0,

#13150000
0!
b10000000101000 #
1$
b1 &
1(
0/

#13155000
1!
0%
0)
1<
b10000000101000 =
1>
b1 ?
0D

#13156000
0$
0(

#13160000
0!

#13165000
1!
14
b10000000101000 6
b1 7
b0xxxxxxxxxxxxxxxx :
0<
0>
0C
1E
b10000000101000 G
b1 H
b0xxxxxxxxxxxxxxxx K
1S
b1010 b
b10011001000000000000000000010 c
1d
b1010 e
b0xxxxxxxxxxxxxxxx f
b1010 i

#13170000
0!

#13175000
1!
1+
04
b0 :
0E
b0 K
0S
0d
b1 f

#13180000
0!

#13185000
1!
1%
1)
0+
1,
1/
1C
1D

#13190000
0!

#13195000
1!

#13196000
0,

#13200000
0!
b10000000101100 #
1$
b11 &
1(
0/

#13205000
1!
0%
0)
1<
b10000000101100 =
1>
b11 ?
0D

#13206000
0$
0(

#13210000
0!

#13215000
1!
14
b10000000101100 6
b11 7
b0xxxxxxxxxxxxxxxx :
0<
0>
0C
1E
b10000000101100 G
b11 H
b0xxxxxxxxxxxxxxxx K
1S
b1011 b
b1010101000100000000000000000010 c
1d
b1011 e
b0xxxxxxxxxxxxxxxx f
b1011 i

#13220000
0!

#13225000
1!
1+
04
b0 :
0E
b0 K
0S
0d
b11 f

#13230000
0!

#13235000
1!
1%
1)
0+
1,
1/
1C
1D

#13240000
0!

#13245000
1!

#13246000
0,

#13250000
0!
b10000000110000 #
1$
b101 &
1(
0/

#13255000
1!
0%
0)
1<
b10000000110000 =
1>
b101 ?
0D

#13256000
0$
0(

#13260000
0!

#13265000
1!
14
b10000000110000 6
b101 7
b0xxxxxxxxxxxxxxxx :
0<
0>
0C
1E
b10000000110000 G
b101 H
b0xxxxxxxxxxxxxxxx K
1S
b1100 b
b1110110001101010000000000000000 c
1d
b1100 e
b0xxxxxxxxxxxxxxxx f
b1100 i

#13270000
0!

#13275000
1!
1+
04
b0 :
0E
b0 K
0S
0d
b101 f

#13280000
0!

#13285000
1!
1%
1)
0+
1,
1/
1C
1D

#13290000
0!

#13295000
1!

#13296000
0,

#13300000
0!
b10000000110100 #
1$
b111 &
1(
0/

#13305000
1!
0%
0)
1<
b10000000110100 =
1>
b111 ?
0D

#13306000
0$
0(

#13310000
0!

#13315000
1!
14
b10000000110100 6
b111 7
b0xxxxxxxxxxxxxxxx :
0<
0>
0C
1E
b10000000110100 G
b111 H
b0xxxxxxxxxxxxxxxx K
1S
b1101 b
b10011001000000000000000000011 c
1d
b1101 e
b0xxxxxxxxxxxxxxxx f
b1101 i

#13320000
0!

#13325000
1!
1+
04
b0 :
0E
b0 K
0S
0d
b111 f

#13330000
0!

#13335000
1!
1%
1)
0+
1,
1/
1C
1D

#13340000
0!

#13345000
1!

#13346000
0,

#13350000
0!
b10000000111000 #
1$
b10 &
1(
0/

#13355000
1!
0%
0)
1<
b10000000111000 =
1>
b10 ?
0D

#13356000
0$
0(

#13360000
0!

#13365000
1!
14
b10000000111000 6
b10 7
b0xxxxxxxxxxxxxxxx :
0<
0>
0C
1E
b10000000111000 G
b10 H
b0xxxxxxxxxxxxxxxx K
1S
b1110 b
b1010101000100000000000000000011 c
1d
b1110 e
b0xxxxxxxxxxxxxxxx f
b1110 i

#13370000
0!

#13375000
1!
1+
04
b0 :
0E
b0 K
0S
0d
b10 f

#13380000
0!

#13385000
1!
1%
1)
0+
1,
1/
1C
1D

#13390000
0!

#13395000
1!

#13396000
0,

#13400000
0!
b10000000111100 #
1$
b100 &
1(
0/

#13405000
1!
0%
0)
1<
b10000000111100 =
1>
b100 ?
0D

#13406000
0$
0(

#13410000
0!

#13415000
1!
14
b10000000111100 6
b100 7
b0xxxxxxxxxxxxxxxx :
0<
0>
0C
1E
b10000000111100 G
b100 H
b0xxxxxxxxxxxxxxxx K
1S
b1111 b
b1110110001101010000000000000000 c
1d
b1111 e
b0xxxxxxxxxxxxxxxx f
b1111 i

#13420000
0!

#13425000
1!
1+
04
b0 :
0E
b0 K
0S
0d
b100 f

#13430000
0!

#13435000
1!
1%
1)
0+
1,
1/
1C
1D

#13440000
0!

#13445000
1!

#13446000
0,

#13450000
0!
b10000001000000 #
1$
b111 &
1(
0/

#13455000
1!
0%
0)
1<
b10000001000000 =
1>
b111 ?
0D

#13456000
0$
0(

#13460000
0!

#13465000
1!
14
b10000001000000 6
b111 7
b0xxxxxxxxxxxxxxxx :
0<
0>
0C
1E
b10000001000000 G
b111 H
b0xxxxxxxxxxxxxxxx K
1S
b10000 b
b10011001000000000000000000100 c
1d
b10000 e
b0xxxxxxxxxxxxxxxx f
b10000001 h
b0 i

#13470000
0!

#13475000
1!
1+
04
b0 :
0E
b0 K
0S
0d
b111 f

#13480000
0!

#13485000
1!
1%
1)
0+
1,
1/
1C
1D

#13490000
0!

#13495000
1!

#13496000
0,

#13500000
0!
b10000001000100 #
1$
b10 &
1(
0/

#13505000
1!
0%
0)
1<
b10000001000100 =
1>
b10 ?
0D

#13506000
0$
0(

#13510000
0!

#13515000
1!
14
b10000001000100 6
b10 7
b0xxxxxxxxxxxxxxxx :
0<
0>
0C
1E
b10000001000100 G
b10 H
b0xxxxxxxxxxxxxxxx K
1S
b10001 b
b1010101000100000000000000000100 c
1d
b10001 e
b0xxxxxxxxxxxxxxxx f
b1 i

#13520000
0!

#13525000
1!
1+
04
b0 :
0E
b0 K
0S
0d
b10 f

#13530000
0!

#13535000
1!
1%
1)
0+
1,
1/
1C
1D

#13540000
0!

#13545000
1!

#13546000
0,

#13550000
0!
b10000001001000 #
1$
b100 &
1(
0/

#13555000
1!
0%
0)
1<
b10000001001000 =
1>
b100 ?
0D

#13556000
0$
0(

#13560000
0!

#13565000
1!
14
b10000001001000 6
b100 7
b0xxxxxxxxxxxxxxxx :
0<
0>
0C
1E
b10000001001000 G
b100 H
b0xxxxxxxxxxxxxxxx K
1S
b10010 b
b1110110001101010000000000000000 c
1d
b10010 e
b0xxxxxxxxxxxxxxxx f
b10 i

#13570000
0!

#13575000
1!
1+
04
b0 :
0E
b0 K
0S
0d
b100 f

#13580000
0!

#13585000
1!
1%
1)
0+
1,
1/
1C
1D

#13590000
0!

#13595000
1!

#13596000
0,

#13600000
0!
b10000001001100 #
1$
b110 &
1(
0/

#13605000
1!
0%
0)
1<
b10000001001100 =
1>
b110 ?
0D

#13606000
0$
0(

#13610000
0!

#13615000
1!
14
b10000001001100 6
b110 7
b0xxxxxxxxxxxxxxxx :
0<
0>
0C
1E
b10000001001100 G
b110 H
b0xxxxxxxxxxxxxxxx K
1S
b10011 b
b10011001000000000000000000101 c
1d
b10011 e
b0xxxxxxxxxxxxxxxx f
b11 i

#13620000
0!

#13625000
1!
1+
04
b0 :
0E
b0 K
0S
0d
b110 f

#13630000
0!

#13635000
1!
1%
1)
0+
1,
1/
1C
1D

#13640000
0!

#13645000
1!

#13646000
0,

#13650000
0!
b10000001010000 #
1$
b1 &
1(
0/

#13655000
1!
0%
0)
1<
b10000001010000 =
1>
b1 ?
0D

#13656000
0$
0(

#13660000
0!

#13665000
1!
14
b10000001010000 6
b1 7
b0xxxxxxxxxxxxxxxx :
0<
0>
0C
1E
b10000001010000 G
b1 H
b0xxxxxxxxxxxxxxxx K
1S
b10100 b
b1010101000100000000000000000101 c
1d
b10100 e
b0xxxxxxxxxxxxxxxx f
b100 i

#13670000
0!

#13675000
1!
1+
04
b0 :
0E
b0 K
0S
0d
b1 f

#13680000
0!

#13685000
1!
1%
1)
0+
1,
1/
1C
1D

#13690000
0!

#13695000
1!

#13696000
0,

#13700000
0!
b10000001010100 #
1$
b11 &
1(
0/

#13705000
1!
0%
0)
1<
b10000001010100 =
1>
b11 ?
0D

#13706000
0$
0(

#13710000
0!

#13715000
1!
14
b10000001010100 6
b11 7
b0xxxxxxxxxxxxxxxx :
0<
0>
0C
1E
b10000001010100 G
b11 H
b0xxxxxxxxxxxxxxxx K
1S
b10101 b
b1110110001101010000000000000000 c
1d
b10101 e
b0xxxxxxxxxxxxxxxx f
b101 i

#13720000
0!

#13725000
1!
1+
04
b0 :
0E
b0 K
0S
0d
b11 f

#13730000
0!

#13735000
1!
1%
1)
0+
1,
1/
1C
1D

#13740000
0!

#13745000
1!

#13746000
0,

#13750000
0!
b10000001011000 #
1$
b101 &
1(
0/

#13755000
1!
0%
0)
1<
b10000001011000 =
1>
b101 ?
0D

#13756000
0$
0(

#13760000
0!

#13765000
1!
14
b10000001011000 6
b101 7
b0xxxxxxxxxxxxxxxx :
0<
0>
0C
1E
b10000001011000 G
b101 H
b0xxxxxxxxxxxxxxxx K
1S
b10110 b
b10011001000000000000000000110 c
1d
b10110 e
b0xxxxxxxxxxxxxxxx f
b110 i

#13770000
0!

#13775000
1!
1+
04
b0 :
0E
b0 K
0S
0d
b101 f

#13780000
0!

#13785000
1!
1%
1)
0+
1,
1/
1C
1D

#13790000
0!

#13795000
1!

#13796000
0,

#13800000
0!
b10000001011100 #
1$
b111 &
1(
0/

#13805000
1!
0%
0)
1<
b10000001011100 =
1>
b111 ?
0D

#13806000
0$
0(

#13810000
0!

#13815000
1!
14
b10000001011100 6
b111 7
b0xxxxxxxxxxxxxxxx :
0<
0>
0C
1E
b10000001011100 G
b111 H
b0xxxxxxxxxxxxxxxx K
1S
b10111 b
b1010101000100000000000000000110 c
1d
b10111 e
b0xxxxxxxxxxxxxxxx f
b111 i

#13820000
0!

#13825000
1!
1+
04
b0 :
0E
b0 K
0S
0d
b111 f

#13830000
0!

#13835000
1!
1%
1)
0+
1,
1/
1C
1D

#13840000
0!

#13845000
1!

#13846000
0,

#13850000
0!
b10000001100000 #
1$
b11 &
1(
0/

#13855000
1!
0%
0)
1<
b10000001100000 =
1>
b11 ?
0D

#13856000
0$
0(

#13860000
0!

#13865000
1!
14
b10000001100000 6
b11 7
b0xxxxxxxxxxxxxxxx :
0<
0>
0C
1E
b10000001100000 G
b11 H
b0xxxxxxxxxxxxxxxx K
1S
b11000 b
b1110110001101010000000000000000 c
1d
b11000 e
b0xxxxxxxxxxxxxxxx f
b1000 i

#13870000
0!

#13875000
1!
1+
04
b0 :
0E
b0 K
0S
0d
b11 f

#13880000
0!

#13885000
1!
1%
1)
0+
1,
1/
1C
1D

#13890000
0!

#13895000
1!

#13896000
0,

#13900000
0!
b10000001100100 #
1$
b101 &
1(
0/

#13905000
1!
0%
0)
1<
b10000001100100 =
1>
b101 ?
0D

#13906000
0$
0(

#13910000
0!

#13915000
1!
14
b10000001100100 6
b101 7
b0xxxxxxxxxxxxxxxx :
0<
0>
0C
1E
b10000001100100 G
b101 H
b0xxxxxxxxxxxxxxxx K
1S
b11001 b
b10011001000000000000000000111 c
1d
b11001 e
b0xxxxxxxxxxxxxxxx f
b1001 i

#13920000
0!

#13925000
1!
1+
04
b0 :
0E
b0 K
0S
0d
b101 f

#13930000
0!

#13935000
1!
1%
1)
0+
1,
1/
1C
1D

#13940000
0!

#13945000
1!

#13946000
0,

#13950000
0!
b10000001101000 #
1$
b111 &
1(
0/

#13955000
1!
0%
0)
1<
b10000001101000 =
1>
b111 ?
0D

#13956000
0$
0(

#13960000
0!

#13965000
1!
14
b10000001101000 6
b111 7
b0xxxxxxxxxxxxxxxx :
0<
0>
0C
1E
b10000001101000 G
b111 H
b0xxxxxxxxxxxxxxxx K
1S
b11010 b
b1010101000100000000000000000111 c
1d
b11010 e
b0xxxxxxxxxxxxxxxx f
b1010 i

#13970000
0!

#13975000
1!
1+
04
b0 :
0E
b0 K
0S
0d
b111 f

#13980000
0!

#13985000
1!
1%
1)
0+
1,
1/
1C
1D

#13990000
0!

#13995000
1!

#13996000
0,

#14000000
0!
b10000001101100 #
1$
b10 &
1(
0/

#14005000
1!
0%
0)
1<
b10000001101100 =
1>
b10 ?
0D

#14006000
0$
0(

#14010000
0!

#14015000
1!
14
b10000001101100 6
b10 7
b0xxxxxxxxxxxxxxxx :
0<
0>
0C
1E
b10000001101100 G
b10 H
b0xxxxxxxxxxxxxxxx K
1S
b11011 b
b1110110001101010000000000000000 c
1d
b11011 e
b0xxxxxxxxxxxxxxxx f
b1011 i

#14020000
0!

#14025000
1!
1+
04
b0 :
0E
b0 K
0S
0d
b10 f

#14030000
0!

#14035000
1!
1%
1)
0+
1,
1/
1C
1D

#14040000
0!

#14045000
1!

#14046000
0,

#14050000
0!
b10000001110000 #
1$
b100 &
1(
0/

#14055000
1!
0%
0)
1<
b10000001110000 =
1>
b100 ?
0D

#14056000
0$
0(

#14060000
0!

#14065000
1!
14
b10000001110000 6
b100 7
b0xxxxxxxxxxxxxxxx :
0<
0>
0C
1E
b10000001110000 G
b100 H
b0xxxxxxxxxxxxxxxx K
1S
b11100 b
b110001000100000001000000000000 c
1d
b11100 e
b0xxxxxxxxxxxxxxxx f
b1100 i

#14070000
0!

#14075000
1!
1+
04
b0 :
0E
b0 K
0S
0d
b100 f

#14080000
0!

#14085000
1!
1%
1)
0+
1,
1/
1C
1D

#14090000
0!

#14095000
1!

#14096000
0,

#14100000
0!
b10000001110100 #
1$
b110 &
1(
0/

#14105000
1!
0%
0)
1<
b10000001110100 =
1>
b110 ?
0D

#14106000
0$
0(

#14110000
0!

#14115000
1!
14
b10000001110100 6
b110 7
b0xxxxxxxxxxxxxxxx :
0<
0>
0C
1E
b10000001110100 G
b110 H
b0xxxxxxxxxxxxxxxx K
1S
b11101 b
b1100000000101100000000000000000 c
1d
b11101 e
b0xxxxxxxxxxxxxxxx f
b1101 i

#14120000
0!

#14125000
1!
1+
04
b0 :
0E
b0 K
0S
0d
b110 f

#14130000
0!

#14135000
1!
1%
1)
0+
1,
1/
1C
1D

#14140000
0!

#14145000
1!

#14146000
0,

#14150000
0!
b10000001111000 #
1$
b1 &
1(
0/

#14155000
1!
0%
0)
1<
b10000001111000 =
1>
b1 ?
0D

#14156000
0$
0(

#14160000
0!

#14165000
1!
14
b10000001111000 6
b1 7
b0xxxxxxxxxxxxxxxx :
0<
0>
0C
1E
b10000001111000 G
b1 H
b0xxxxxxxxxxxxxxxx K
1S
b11110 b
b110010001000000000100000000000 c
1d
b11110 e
b0xxxxxxxxxxxxxxxx f
b1110 i

#14170000
0!

#14175000
1!
1+
04
b0 :
0E
b0 K
0S
0d
b1 f

#14180000
0!

#14185000
1!
1%
1)
0+
1,
1/
1C
1D

#14190000
0!

#14195000
1!

#14196000
0,

#14200000
0!
b10000001111100 #
1$
b11 &
1(
0/

#14205000
1!
0%
0)
1<
b10000001111100 =
1>
b11 ?
0D

#14206000
0$
0(

#14210000
0!

#14215000
1!
14
b10000001111100 6
b11 7
b0xxxxxxxxxxxxxxxx :
0<
0>
0C
1E
b10000001111100 G
b11 H
b0xxxxxxxxxxxxxxxx K
1S
b11111 b
b110001000100000000000000000000 c
1d
b11111 e
b0xxxxxxxxxxxxxxxx f
b1111 i

#14220000
0!

#14225000
1!
1+
04
b0 :
0E
b0 K
0S
0d
b11 f

#14230000
0!

#14235000
1!
1%
1)
0+
1,
1/
1C
1D

#14240000
0!

#14245000
1!

#14246000
0,

#14250000
0!
b10000010000000 #
1$
b110 &
1(
0/

#14255000
1!
0%
0)
1<
b10000010000000 =
1>
b110 ?
0D

#14256000
0$
0(

#14260000
0!

#14265000
1!
14
b10000010000000 6
b110 7
b0xxxxxxxxxxxxxxxx :
0<
0>
0C
1E
b10000010000000 G
b110 H
b0xxxxxxxxxxxxxxxx K
1S
b100000 b
b1110110000001010000000010000000 c
1d
b100000 e
b0xxxxxxxxxxxxxxxx f
b10000010 h
b0 i

#14270000
0!

#14275000
1!
1+
04
b0 :
0E
b0 K
0S
0d
b110 f

#14280000
0!

#14285000
1!
1%
1)
0+
1,
1/
1C
1D

#14290000
0!

#14295000
1!

#14296000
0,

#14300000
0!
b10000010000100 #
1$
b1 &
1(
0/

#14305000
1!
0%
0)
1<
b10000010000100 =
1>
b1 ?
0D

#14306000
0$
0(

#14310000
0!

#14315000
1!
14
b10000010000100 6
b1 7
b0xxxxxxxxxxxxxxxx :
0<
0>
0C
1E
b10000010000100 G
b1 H
b0xxxxxxxxxxxxxxxx K
1S
b100001 b
b10011001000000000000000000000 c
1d
b100001 e
b0xxxxxxxxxxxxxxxx f
b1 i

#14320000
0!

#14325000
1!
1+
04
b0 :
0E
b0 K
0S
0d
b1 f

#14330000
0!

#14335000
1!
1%
1)
0+
1,
1/
1C
1D

#14340000
0!

#14345000
1!

#14346000
0,

#14350000
0!
b10000010001000 #
1$
b11 &
1(
0/

#14355000
1!
0%
0)
1<
b10000010001000 =
1>
b11 ?
0D

#14356000
0$
0(

#14360000
0!

#14365000
1!
14
b10000010001000 6
b11 7
b0xxxxxxxxxxxxxxxx :
0<
0>
0C
1E
b10000010001000 G
b11 H
b0xxxxxxxxxxxxxxxx K
1S
b100010 b
b1010101000100000000000000000000 c
1d
b100010 e
b0xxxxxxxxxxxxxxxx f
b10 i

#14370000
0!

#14375000
1!
1+
04
b0 :
0E
b0 K
0S
0d
b11 f

#14380000
0!

#14385000
1!
1%
1)
0+
1,
1/
1C
1D

#14390000
0!

#14395000
1!

#14396000
0,

#14400000
0!
b10000010001100 #
1$
b101 &
1(
0/

#14405000
1!
0%
0)
1<
b10000010001100 =
1>
b101 ?
0D

#14406000
0$
0(

#14410000
0!

#14415000
1!
14
b10000010001100 6
b101 7
b0xxxxxxxxxxxxxxxx :
0<
0>
0C
1E
b10000010001100 G
b101 H
b0xxxxxxxxxxxxxxxx K
1S
b100011 b
b1110110001101010000000000000000 c
1d
b100011 e
b0xxxxxxxxxxxxxxxx f
b11 i

#14420000
0!

#14425000
1!
1+
04
b0 :
0E
b0 K
0S
0d
b101 f

#14430000
0!

#14435000
1!
1%
1)
0+
1,
1/
1C
1D

#14440000
0!

#14445000
1!

#14446000
0,

#14450000
0!
b10000010010000 #
1$
b111 &
1(
0/

#14455000
1!
0%
0)
1<
b10000010010000 =
1>
b111 ?
0D

#14456000
0$
0(

#14460000
0!

#14465000
1!
14
b10000010010000 6
b111 7
b0xxxxxxxxxxxxxxxx :
0<
0>
0C
1E
b10000010010000 G
b111 H
b0xxxxxxxxxxxxxxxx K
1S
b100100 b
b10011001000000000000000000001 c
1d
b100100 e
b0xxxxxxxxxxxxxxxx f
b100 i

#14470000
0!

#14475000
1!
1+
04
b0 :
0E
b0 K
0S
0d
b111 f

#14480000
0!

#14485000
1!
1%
1)
0+
1,
1/
1C
1D

#14490000
0!

#14495000
1!

#14496000
0,

#14500000
0!
b10000010010100 #
1$
b10 &
1(
0/

#14505000
1!
0%
0)
1<
b10000010010100 =
1>
b10 ?
0D

#14506000
0$
0(

#14510000
0!

#14515000
1!
14
b10000010010100 6
b10 7
b0xxxxxxxxxxxxxxxx :
0<
0>
0C
1E
b10000010010100 G
b10 H
b0xxxxxxxxxxxxxxxx K
1S
b100101 b
b1010101000100000000000000000001 c
1d
b100101 e
b0xxxxxxxxxxxxxxxx f
b101 i

#14520000
0!

#14525000
1!
1+
04
b0 :
0E
b0 K
0S
0d
b10 f

#14530000
0!

#14535000
1!
1%
1)
0+
1,
1/
1C
1D

#14540000
0!

#14545000
1!

#14546000
0,

#14550000
0!
b10000010011000 #
1$
b100 &
1(
0/

#14555000
1!
0%
0)
1<
b10000010011000 =
1>
b100 ?
0D

#14556000
0$
0(

#14560000
0!

#14565000
1!
14
b10000010011000 6
b100 7
b0xxxxxxxxxxxxxxxx :
0<
0>
0C
1E
b10000010011000 G
b100 H
b0xxxxxxxxxxxxxxxx K
1S
b100110 b
b1110110001101010000000000000000 c
1d
b100110 e
b0xxxxxxxxxxxxxxxx f
b110 i

#14570000
0!

#14575000
1!
1+
04
b0 :
0E
b0 K
0S
0d
b100 f

#14580000
0!

#14585000
1!
1%
1)
0+
1,
1/
1C
1D

#14590000
0!

#14595000
1!

#14596000
0,

#14600000
0!
b10000010011100 #
1$
b110 &
1(
0/

#14605000
1!
0%
0)
1<
b10000010011100 =
1>
b110 ?
0D

#14606000
0$
0(

#14610000
0!

#14615000
1!
14
b10000010011100 6
b110 7
b0xxxxxxxxxxxxxxxx :
0<
0>
0C
1E
b10000010011100 G
b110 H
b0xxxxxxxxxxxxxxxx K
1S
b100111 b
b10011001000000000000000000010 c
1d
b100111 e
b0xxxxxxxxxxxxxxxx f
b111 i

#14620000
0!

#14625000
1!
1+
04
b0 :
0E
b0 K
0S
0d
b110 f

#14630000
0!

#14635000
1!
1%
1)
0+
1,
1/
1C
1D

#14640000
0!

#14645000
1!

#14646000
0,

#14650000
0!
b10000010100000 #
1$
b10 &
1(
0/

#14655000
1!
0%
0)
1<
b10000010100000 =
1>
b10 ?
0D

#14656000
0$
0(

#14660000
0!

#14665000
1!
14
b10000010100000 6
b10 7
b0xxxxxxxxxxxxxxxx :
0<
0>
0C
1E
b10000010100000 G
b10 H
b0xxxxxxxxxxxxxxxx K
1S
b101000 b
b1010101000100000000000000000010 c
1d
b101000 e
b0xxxxxxxxxxxxxxxx f
b1000 i

#14670000
0!

#14675000
1!
1+
04
b0 :
0E
b0 K
0S
0d
b10 f

#14680000
0!

#14685000
1!
1%
1)
0+
1,
1/
1C
1D

#14690000
0!

#14695000
1!

#14696000
0,

#14700000
0!
b10000010100100 #
1$
b100 &
1(
0/

#14705000
1!
0%
0)
1<
b10000010100100 =
1>
b100 ?
0D

#14706000
0$
0(

#14710000
0!

#14715000
1!
14
b10000010100100 6
b100 7
b0xxxxxxxxxxxxxxxx :
0<
0>
0C
1E
b10000010100100 G
b100 H
b0xxxxxxxxxxxxxxxx K
1S
b101001 b
b1110110001101010000000000000000 c
1d
b101001 e
b0xxxxxxxxxxxxxxxx f
b1001 i

#14720000
0!

#14725000
1!
1+
04
b0 :
0E
b0 K
0S
0d
b100 f

#14730000
0!

#14735000
1!
1%
1)
0+
1,
1/
1C
1D

#14740000
0!

#14745000
1!

#14746000
0,

#14750000
0!
b10000010101000 #
1$
b110 &
1(
0/

#14755000
1!
0%
0)
1<
b10000010101000 =
1>
b110 ?
0D

#14756000
0$
0(

#14760000
0!

#14765000
1!
14
b10000010101000 6
b110 7
b0xxxxxxxxxxxxxxxx :
0<
0>
0C
1E
b10000010101000 G
b110 H
b0xxxxxxxxxxxxxxxx K
1S
b101010 b
b10011001000000000000000000011 c
1d
b101010 e
b0xxxxxxxxxxxxxxxx f
b1010 i

#14770000
0!

#14775000
1!
1+
04
b0 :
0E
b0 K
0S
0d
b110 f

#14780000
0!

#14785000
1!
1%
1)
0+
1,
1/
1C
1D

#14790000
0!

#14795000
1!

#14796000
0,

#14800000
0!
b10000010101100 #
1$
b1 &
1(
0/

#14805000
1!
0%
0)
1<
b10000010101100 =
1>
b1 ?
0D

#14806000
0$
0(

#14810000
0!

#14815000
1!
14
b10000010101100 6
b1 7
b0xxxxxxxxxxxxxxxx :
0<
0>
0C
1E
b10000010101100 G
b1 H
b0xxxxxxxxxxxxxxxx K
1S
b101011 b
b1010101000100000000000000000011 c
1d
b101011 e
b0xxxxxxxxxxxxxxxx f
b1011 i

#14820000
0!

#14825000
1!
1+
04
b0 :
0E
b0 K
0S
0d
b1 f

#14830000
0!

#14835000
1!
1%
1)
0+
1,
1/
1C
1D

#14840000
0!

#14845000
1!

#14846000
0,

#14850000
0!
b10000010110000 #
1$
b11 &
1(
0/

#14855000
1!
0%
0)
1<
b10000010110000 =
1>
b11 ?
0D

#14856000
0$
0(

#14860000
0!

#14865000
1!
14
b10000010110000 6
b11 7
b0xxxxxxxxxxxxxxxx :
0<
0>
0C
1E
b10000010110000 G
b11 H
b0xxxxxxxxxxxxxxxx K
1S
b101100 b
b1110110001101010000000000000000 c
1d
b101100 e
b0xxxxxxxxxxxxxxxx f
b1100 i

#14870000
0!

#14875000
1!
1+
04
b0 :
0E
b0 K
0S
0d
b11 f

#14880000
0!

#14885000
1!
1%
1)
0+
1,
1/
1C
1D

#14890000
0!

#14895000
1!

#14896000
0,

#14900000
0!
b10000010110100 #
1$
b101 &
1(
0/

#14905000
1!
0%
0)
1<
b10000010110100 =
1>
b101 ?
0D

#14906000
0$
0(

#14910000
0!

#14915000
1!
14
b10000010110100 6
b101 7
b0xxxxxxxxxxxxxxxx :
0<
0>
0C
1E
b10000010110100 G
b101 H
b0xxxxxxxxxxxxxxxx K
1S
b101101 b
b10011001000000000000000000100 c
1d
b101101 e
b0xxxxxxxxxxxxxxxx f
b1101 i

#14920000
0!

#14925000
1!
1+
04
b0 :
0E
b0 K
0S
0d
b101 f

#14930000
0!

#14935000
1!
1%
1)
0+
1,
1/
1C
1D

#14940000
0!

#14945000
1!

#14946000
0,

#14950000
0!
b10000010111000 #
1$
b111 &
1(
0/

#14955000
1!
0%
0)
1<
b10000010111000 =
1>
b111 ?
0D

#14956000
0$
0(

#14960000
0!

#14965000
1!
14
b10000010111000 6
b111 7
b0xxxxxxxxxxxxxxxx :
0<
0>
0C
1E
b10000010111000 G
b111 H
b0xxxxxxxxxxxxxxxx K
1S
b101110 b
b1010101000100000000000000000100 c
1d
b101110 e
b0xxxxxxxxxxxxxxxx f
b1110 i

#14970000
0!

#14975000
1!
1+
04
b0 :
0E
b0 K
0S
0d
b111 f

#14980000
0!

#14985000
1!
1%
1)
0+
1,
1/
1C
1D

#14990000
0!

#14995000
1!

#14996000
0,

#15000000
0!
b10000010111100 #
1$
b10 &
1(
0/

#15005000
1!
0%
0)
1<
b10000010111100 =
1>
b10 ?
0D

#15006000
0$
0(

#15010000
0!

#15015000
1!
14
b10000010111100 6
b10 7
b0xxxxxxxxxxxxxxxx :
0<
0>
0C
1E
b10000010111100 G
b10 H
b0xxxxxxxxxxxxxxxx K
1S
b101111 b
b1110110001101010000000000000000 c
1d
b101111 e
b0xxxxxxxxxxxxxxxx f
b1111 i

#15020000
0!

#15025000
1!
1+
04
b0 :
0E
b0 K
0S
0d
b10 f

#15030000
0!

#15035000
1!
1%
1)
0+
1,
1/
1C
1D

#15040000
0!

#15045000
1!

#15046000
0,

#15050000
0!
b10000011000000 #
1$
b101 &
1(
0/

#15055000
1!
0%
0)
1<
b10000011000000 =
1>
b101 ?
0D

#15056000
0$
0(

#15060000
0!

#15065000
1!
14
b10000011000000 6
b101 7
b0xxxxxxxxxxxxxxxx :
0<
0>
0C
1E
b10000011000000 G
b101 H
b0xxxxxxxxxxxxxxxx K
1S
b110000 b
b10011001000000000000000000101 c
1d
b110000 e
b0xxxxxxxxxxxxxxxx f
b10000011 h
b0 i

#15070000
0!

#15075000
1!
1+
04
b0 :
0E
b0 K
0S
0d
b101 f

#15080000
0!

#15085000
1!
1%
1)
0+
1,
1/
1C
1D

#15090000
0!

#15095000
1!

#15096000
0,

#15100000
0!
b10000011000100 #
1$
b111 &
1(
0/

#15105000
1!
0%
0)
1<
b10000011000100 =
1>
b111 ?
0D

#15106000
0$
0(

#15110000
0!

#15115000
1!
14
b10000011000100 6
b111 7
b0xxxxxxxxxxxxxxxx :
0<
0>
0C
1E
b10000011000100 G
b111 H
b0xxxxxxxxxxxxxxxx K
1S
b110001 b
b1010101000100000000000000000101 c
1d
b110001 e
b0xxxxxxxxxxxxxxxx f
b1 i

#15120000
0!

#15125000
1!
1+
04
b0 :
0E
b0 K
0S
0d
b111 f

#15130000
0!

#15135000
1!
1%
1)
0+
1,
1/
1C
1D

#15140000
0!

#15145000
1!

#15146000
0,

#15150000
0!
b10000011001000 #
1$
b10 &
1(
0/

#15155000
1!
0%
0)
1<
b10000011001000 =
1>
b10 ?
0D

#15156000
0$
0(

#15160000
0!

#15165000
1!
14
b10000011001000 6
b10 7
b0xxxxxxxxxxxxxxxx :
0<
0>
0C
1E
b10000011001000 G
b10 H
b0xxxxxxxxxxxxxxxx K
1S
b110010 b
b1110110001101010000000000000000 c
1d
b110010 e
b0xxxxxxxxxxxxxxxx f
b10 i

#15170000
0!

#15175000
1!
1+
04
b0 :
0E
b0 K
0S
0d
b10 f

#15180000
0!

#15185000
1!
1%
1)
0+
1,
1/
1C
1D

#15190000
0!

#15195000
1!

#15196000
0,

#15200000
0!
b10000011001100 #
1$
b100 &
1(
0/

#15205000
1!
0%
0)
1<
b10000011001100 =
1>
b100 ?
0D

#15206000
0$
0(

#15210000
0!

#15215000
1!
14
b10000011001100 6
b100 7
b0xxxxxxxxxxxxxxxx :
0<
0>
0C
1E
b10000011001100 G
b100 H
b0xxxxxxxxxxxxxxxx K
1S
b110011 b
b10011001000000000000000000110 c
1d
b110011 e
b0xxxxxxxxxxxxxxxx f
b11 i

#15220000
0!

#15225000
1!
1+
04
b0 :
0E
b0 K
0S
0d
b100 f

#15230000
0!

#15235000
1!
1%
1)
0+
1,
1/
1C
1D

#15240000
0!

#15245000
1!

#15246000
0,

#15250000
0!
b10000011010000 #
1$
b110 &
1(
0/

#15255000
1!
0%
0)
1<
b10000011010000 =
1>
b110 ?
0D

#15256000
0$
0(

#15260000
0!

#15265000
1!
14
b10000011010000 6
b110 7
b0xxxxxxxxxxxxxxxx :
0<
0>
0C
1E
b10000011010000 G
b110 H
b0xxxxxxxxxxxxxxxx K
1S
b110100 b
b1010101000100000000000000000110 c
1d
b110100 e
b0xxxxxxxxxxxxxxxx f
b100 i

#15270000
0!

#15275000
1!
1+
04
b0 :
0E
b0 K
0S
0d
b110 f

#15280000
0!

#15285000
1!
1%
1)
0+
1,
1/
1C
1D

#15290000
0!

#15295000
1!

#15296000
0,

#15300000
0!
b10000011010100 #
1$
b1 &
1(
0/

#15305000
1!
0%
0)
1<
b10000011010100 =
1>
b1 ?
0D

#15306000
0$
0(

#15310000
0!

#15315000
1!
14
b10000011010100 6
b1 7
b0xxxxxxxxxxxxxxxx :
0<
0>
0C
1E
b10000011010100 G
b1 H
b0xxxxxxxxxxxxxxxx K
1S
b110101 b
b1110110001101010000000000000000 c
1d
b110101 e
b0xxxxxxxxxxxxxxxx f
b101 i

#15320000
0!

#15325000
1!
1+
04
b0 :
0E
b0 K
0S
0d
b1 f

#15330000
0!

#15335000
1!
1%
1)
0+
1,
1/
1C
1D

#15340000
0!

#15345000
1!

#15346000
0,

#15350000
0!
b10000011011000 #
1$
b11 &
1(
0/

#15355000
1!
0%
0)
1<
b10000011011000 =
1>
b11 ?
0D

#15356000
0$
0(

#15360000
0!

#15365000
1!
14
b10000011011000 6
b11 7
b0xxxxxxxxxxxxxxxx :
0<
0>
0C
1E
b10000011011000 G
b11 H
b0xxxxxxxxxxxxxxxx K
1S
b110110 b
b10011001000000000000000000111 c
1d
b110110 e
b0xxxxxxxxxxxxxxxx f
b110 i

#15370000
0!

#15375000
1!
1+
04
b0 :
0E
b0 K
0S
0d
b11 f

#15380000
0!

#15385000
1!
1%
1)
0+
1,
1/
1C
1D

#15390000
0!

#15395000
1!

#15396000
0,

#15400000
0!
b10000011011100 #
1$
b101 &
1(
0/

#15405000
1!
0%
0)
1<
b10000011011100 =
1>
b101 ?
0D

#15406000
0$
0(

#15410000
0!

#15415000
1!
14
b10000011011100 6
b101 7
b0xxxxxxxxxxxxxxxx :
0<
0>
0C
1E
b10000011011100 G
b101 H
b0xxxxxxxxxxxxxxxx K
1S
b110111 b
b1010101000100000000000000000111 c
1d
b110111 e
b0xxxxxxxxxxxxxxxx f
b111 i

#15420000
0!

#15425000
1!
1+
04
b0 :
0E
b0 K
0S
0d
b101 f

#15430000
0!

#15435000
1!
1%
1)
0+
1,
1/
1C
1D

#15440000
0!

#15445000
1!

#15446000
0,

#15450000
0!
b10000011100000 #
1$
b1 &
1(
0/

#15455000
1!
0%
0)
1<
b10000011100000 =
1>
b1 ?
0D

#15456000
0$
0(

#15460000
0!

#15465000
1!
14
b10000011100000 6
b1 7
b0xxxxxxxxxxxxxxxx :
0<
0>
0C
1E
b10000011100000 G
b1 H
b0xxxxxxxxxxxxxxxx K
1S
b111000 b
b1110110001101010000000000000000 c
1d
b111000 e
b0xxxxxxxxxxxxxxxx f
b1000 i

#15470000
0!

#15475000
1!
1+
04
b0 :
0E
b0 K
0S
0d
b1 f

#15480000
0!

#15485000
1!
1%
1)
0+
1,
1/
1C
1D

#15490000
0!

#15495000
1!

#15496000
0,

#15500000
0!
b10000011100100 #
1$
b11 &
1(
0/

#15505000
1!
0%
0)
1<
b10000011100100 =
1>
b11 ?
0D

#15506000
0$
0(

#15510000
0!

#15515000
1!
14
b10000011100100 6
b11 7
b0xxxxxxxxxxxxxxxx :
0<
0>
0C
1E
b10000011100100 G
b11 H
b0xxxxxxxxxxxxxxxx K
1S
b111001 b
b110001000100000001000100000000 c
1d
b111001 e
b0xxxxxxxxxxxxxxxx f
b1001 i

#15520000
0!

#15525000
1!
1+
04
b0 :
0E
b0 K
0S
0d
b11 f

#15530000
0!

#15535000
1!
1%
1)
0+
1,
1/
1C
1D

#15540000
0!

#15545000
1!

#15546000
0,

#15550000
0!
b10000011101000 #
1$
b101 &
1(
0/

#15555000
1!
0%
0)
1<
b10000011101000 =
1>
b101 ?
0D

#15556000
0$
0(

#15560000
0!

#15565000
1!
14
b10000011101000 6
b101 7
b0xxxxxxxxxxxxxxxx :
0<
0>
0C
1E
b10000011101000 G
b101 H
b0xxxxxxxxxxxxxxxx K
1S
b111010 b
b1100000000101100000000000000000 c
1d
b111010 e
b0xxxxxxxxxxxxxxxx f
b1010 i

#15570000
0!

#15575000
1!
1+
04
b0 :
0E
b0 K
0S
0d
b101 f

#15580000
0!

#15585000
1!
1%
1)
0+
1,
1/
1C
1D

#15590000
0!

#15595000
1!

#15596000
0,

#15600000
0!
b10000011101100 #
1$
b111 &
1(
0/

#15605000
1!
0%
0)
1<
b10000011101100 =
1>
b111 ?
0D

#15606000
0$
0(

#15610000
0!

#15615000
1!
14
b10000011101100 6
b111 7
b0xxxxxxxxxxxxxxxx :
0<
0>
0C
1E
b10000011101100 G
b111 H
b0xxxxxxxxxxxxxxxx K
1S
b111011 b
b110010001000000001000000000000 c
1d
b111011 e
b0xxxxxxxxxxxxxxxx f
b1011 i

#15620000
0!

#15625000
1!
1+
04
b0 :
0E
b0 K
0S
0d
b111 f

#15630000
0!

#15635000
1!
1%
1)
0+
1,
1/
1C
1D

#15640000
0!

#15645000
1!

#15646000
0,

#15650000
0!
b10000011110000 #
1$
b10 &
1(
0/

#15655000
1!
0%
0)
1<
b10000011110000 =
1>
b10 ?
0D

#15656000
0$
0(

#15660000
0!

#15665000
1!
14
b10000011110000 6
b10 7
b0xxxxxxxxxxxxxxxx :
0<
0>
0C
1E
b10000011110000 G
b10 H
b0xxxxxxxxxxxxxxxx K
1S
b111100 b
b110001000100000000000000000000 c
1d
b111100 e
b0xxxxxxxxxxxxxxxx f
b1100 i

#15670000
0!

#15675000
1!
1+
04
b0 :
0E
b0 K
0S
0d
b10 f

#15680000
0!

#15685000
1!
1%
1)
0+
1,
1/
1C
1D

#15690000
0!

#15695000
1!

#15696000
0,

#15700000
0!
b10000011110100 #
1$
b100 &
1(
0/

#15705000
1!
0%
0)
1<
b10000011110100 =
1>
b100 ?
0D

#15706000
0$
0(

#15710000
0!

#15715000
1!
14
b10000011110100 6
b100 7
b0xxxxxxxxxxxxxxxx :
0<
0>
0C
1E
b10000011110100 G
b100 H
b0xxxxxxxxxxxxxxxx K
1S
b111101 b
b1110110000001010000000010000000 c
1d
b111101 e
b0xxxxxxxxxxxxxxxx f
b1101 i

#15720000
0!

#15725000
1!
1+
04
b0 :
0E
b0 K
0S
0d
b100 f

#15730000
0!

#15735000
1!
1%
1)
0+
1,
1/
1C
1D

#15740000
0!

#15745000
1!

#15746000
0,

#15750000
0!
b10000011111000 #
1$
b110 &
1(
0/

#15755000
1!
0%
0)
1<
b10000011111000 =
1>
b110 ?
0D

#15756000
0$
0(

#15760000
0!

#15765000
1!
14
b10000011111000 6
b110 7
b0xxxxxxxxxxxxxxxx :
0<
0>
0C
1E
b10000011111000 G
b110 H
b0xxxxxxxxxxxxxxxx K
1S
b111110 b
b10011001000000000000000000000 c
1d
b111110 e
b0xxxxxxxxxxxxxxxx f
b1110 i

#15770000
0!

#15775000
1!
1+
04
b0 :
0E
b0 K
0S
0d
b110 f

#15780000
0!

#15785000
1!
1%
1)
0+
1,
1/
1C
1D

#15790000
0!

#15795000
1!

#15796000
0,

#15800000
0!
b10000011111100 #
1$
b1 &
1(
0/

#15805000
1!
0%
0)
1<
b10000011111100 =
1>
b1 ?
0D

#15806000
0$
0(

#15810000
0!

#15815000
1!
14
b10000011111100 6
b1 7
b0xxxxxxxxxxxxxxxx :
0<
0>
0C
1E
b10000011111100 G
b1 H
b0xxxxxxxxxxxxxxxx K
1S
b111111 b
b1010101000100000000000000000000 c
1d
b111111 e
b0xxxxxxxxxxxxxxxx f
b1111 i

#15820000
0!

#15825000
1!
1+
04
b0 :
0E
b0 K
0S
0d
b1 f

#15830000
0!

#15835000
1!
1%
1)
0+
1,
1/
1C
1D

#15840000
0!

#15845000
1!

#15846000
0,

#15850000
0!
b100000000000000 #
1$
b1111 '
1(
0/

#15855000
1!
0%
0)
1<
b100000000000000 =
1>
b1111 @
0D

#15856000
0$
0(

#15860000
0!

#15865000
1!
14
b100000000000000 6
b1111 8
bx :
0<
0>
0C
1E
b100000000000000 G
b1111 I
bx K
1S
0[
1\
b0 b
b111111111100000000100000000000 c
b0 e
1g
b0 h
b0 i

#15870000
0!

#15875000
1!
1+
04
b0 :
0E
b0 K
0S
0g
b1 j

#15880000
0!

#15885000
1!
1%
1)
0+
1,
1/
1C
1D

#15890000
0!

#15895000
1!

#15896000
0,

#15900000
0!
b100000000000100 #
1$
b100 &
1(
0/

#15905000
1!
0%
0)
1<
b100000000000100 =
1>
b100 ?
0D

#15906000
0$
0(

#15910000
0!

#15915000
1!
14
b100000000000100 6
b100 7
bx :
0<
0>
0C
1E
b100000000000100 G
b100 H
bx K
1S
b1 b
b110010001000000000000000000000 c
b1 e
b11 f
1g
b1 i
bx j

#15920000
0!

#15925000
1!
1+
04
b0 :
0E
b0 K
0S
0g
b100 j

#15930000
0!

#15935000
1!
1%
1)
0+
1,
1/
1C
1D

#15940000
0!

#15945000
1!

#15946000
0,

#15950000
0!
b100000000001000 #
1$
b111 &
1(
0/

#15955000
1!
0%
0)
1<
b100000000001000 =
1>
b111 ?
0D

#15956000
0$
0(

#15960000
0!

#15965000
1!
14
b100000000001000 6
b111 7
bx :
0<
0>
0C
1E
b100000000001000 G
b111 H
bx K
1S
b10 b
b110001000100000000000000000000 c
b10 e
b101 f
1g
b10 i
bx j

#15970000
0!

#15975000
1!
1+
04
b0 :
0E
b0 K
0S
0g
b111 j

#15980000
0!

#15985000
1!
1%
1)
0+
1,
1/
1C
1D

#15990000
0!

#15995000
1!

#15996000
0,

#16000000
0!
b100000000001100 #
1$
b1 &
1(
0/

#16005000
1!
0%
0)
1<
b100000000001100 =
1>
b1 ?
0D

#16006000
0$
0(

#16010000
0!

#16015000
1!
14
b100000000001100 6
b1 7
bx :
0<
0>
0C
1E
b100000000001100 G
b1 H
bx K
1S
b11 b
b1110110000001010000000010000000 c
b11 e
b111 f
1g
b11 i
bx j

#16020000
0!

#16025000
1!
1+
04
b0 :
0E
b0 K
0S
0g
b1 j

#16030000
0!

#16035000
1!
1%
1)
0+
1,
1/
1C
1D

#16040000
0!

#16045000
1!

#16046000
0,

#16050000
0!
b100000000010000 #
1$
b100 &
1(
0/

#16055000
1!
0%
0)
1<
b100000000010000 =
1>
b100 ?
0D

#16056000
0$
0(

#16060000
0!

#16065000
1!
14
b100000000010000 6
b100 7
bx :
0<
0>
0C
1E
b100000000010000 G
b100 H
bx K
1S
b100 b
b10011001000000000000000000000 c
b100 e
b10 f
1g
b100 i
bx j

#16070000
0!

#16075000
1!
1+
04
b0 :
0E
b0 K
0S
0g
b100 j

#16080000
0!

#16085000
1!
1%
1)
0+
1,
1/
1C
1D

#16090000
0!

#16095000
1!

#16096000
0,

#16100000
0!
b100000000010100 #
1$
b111 &
1(
0/

#16105000
1!
0%
0)
1<
b100000000010100 =
1>
b111 ?
0D

#16106000
0$
0(

#16110000
0!

#16115000
1!
14
b100000000010100 6
b111 7
bx :
0<
0>
0C
1E
b100000000010100 G
b111 H
bx K
1S
b101 b
b1010101000100000000000000000000 c
b101 e
b100 f
1g
b101 i
bx j

#16120000
0!

#16125000
1!
1+
04
b0 :
0E
b0 K
0S
0g
b111 j

#16130000
0!

#16135000
1!
1%
1)
0+
1,
1/
1C
1D

#16140000
0!

#16145000
1!

#16146000
0,

#16150000
0!
b100000000011000 #
1$
b1 &
1(
0/

#16155000
1!
0%
0)
1<
b100000000011000 =
1>
b1 ?
0D

#16156000
0$
0(

#16160000
0!

#16165000
1!
14
b100000000011000 6
b1 7
bx :
0<
0>
0C
1E
b100000000011000 G
b1 H
bx K
1S
b110 b
b1110110001101010000000000000000 c
b110 e
b110 f
1g
b110 i
bx j

#16170000
0!

#16175000
1!
1+
04
b0 :
0E
b0 K
0S
0g
b1 j

#16180000
0!

#16185000
1!
1%
1)
0+
1,
1/
1C
1D

#16190000
0!

#16195000
1!

#16196000
0,

#16200000
0!
b100000000011100 #
1$
b100 &
1(
0/

#16205000
1!
0%
0)
1<
b100000000011100 =
1>
b100 ?
0D

#16206000
0$
0(

#16210000
0!

#16215000
1!
14
b100000000011100 6
b100 7
bx :
0<
0>
0C
1E
b100000000011100 G
b100 H
bx K
1S
b111 b
b10011001000000000000000000001 c
b111 e
b1 f
1g
b111 i
bx j

#16220000
0!

#16225000
1!
1+
04
b0 :
0E
b0 K
0S
0g
b100 j

#16230000
0!

#16235000
1!
1%
1)
0+
1,
1/
1C
1D

#16240000
0!

#16245000
1!

#16246000
0,

#16250000
0!
b100000000100000 #
1$
b0 &
1(
0/

#16255000
1!
0%
0)
1<
b100000000100000 =
1>
b0 ?
0D

#16256000
0$
0(

#16260000
0!

#16265000
1!
14
b100000000100000 6
b0 7
bx :
0<
0>
0C
1E
b100000000100000 G
b0 H
bx K
1S
b1000 b
b1010101000100000000000000000001 c
b1000 e
b100 f
1g
b1000 i
bx j

#16270000
0!

#16275000
1!
1+
04
b0 :
0E
b0 K
0S
0g
b0 j

#16280000
0!

#16285000
1!
1%
1)
0+
1,
1/
1C
1D

#16290000
0!

#16295000
1!

#16296000
0,

#16300000
0!
b100000000100100 #
1$
1(
0/

#16305000
1!
0%
0)
1<
b100000000100100 =
1>
0D

#16306000
0$
0(

#16310000
0!

#16315000
1!
14
b100000000100100 6
bx :
0<
0>
0C
1E
b100000000100100 G
bx K
1S
b1001 b
b1110110001101010000000000000000 c
b1001 e
b110 f
1g
b1001 i
bx j

#16320000
0!

#16325000
1!
1+
04
b0 :
0E
b0 K
0S
0g
b0 j

#16330000
0!

#16335000
1!
1%
1)
0+
1,
1/
1C
1D

#16340000
0!

#16345000
1!

#16346000
0,

#16350000
0!
b100000000101000 #
1$
1(
0/

#16355000
1!
0%
0)
1<
b100000000101000 =
1>
0D

#16356000
0$
0(

#16360000
0!

#16365000
1!
14
b100000000101000 6
bx :
0<
0>
0C
1E
b100000000101000 G
bx K
1S
b1010 b
b10011001000000000000000000010 c
b1010 e
b1 f
1g
b1010 i
bx j

#16370000
0!

#16375000
1!
1+
04
b0 :
0E
b0 K
0S
0g
b0 j

#16380000
0!

#16385000
1!
1%
1)
0+
1,
1/
1C
1D

#16390000
0!

#16395000
1!

#16396000
0,

#16400000
0!
b100000000101100 #
1$
1(
0/

#16405000
1!
0%
0)
1<
b100000000101100 =
1>
0D

#16406000
0$
0(

#16410000
0!

#16415000
1!
14
b100000000101100 6
bx :
0<
0>
0C
1E
b100000000101100 G
bx K
1S
b1011 b
b1010101000100000000000000000010 c
b1011 e
b11 f
1g
b1011 i
bx j

#16420000
0!

#16425000
1!
1+
04
b0 :
0E
b0 K
0S
0g
b0 j

#16430000
0!

#16435000
1!
1%
1)
0+
1,
1/
1C
1D

#16440000
0!

#16445000
1!

#16446000
0,

#16450000
0!
b100000000110000 #
1$
1(
0/

#16455000
1!
0%
0)
1<
b100000000110000 =
1>
0D

#16456000
0$
0(

#16460000
0!

#16465000
1!
14
b100000000110000 6
bx :
0<
0>
0C
1E
b100000000110000 G
bx K
1S
b1100 b
b1110110001101010000000000000000 c
b1100 e
b101 f
1g
b1100 i
bx j

#16470000
0!

#16475000
1!
1+
04
b0 :
0E
b0 K
0S
0g
b0 j

#16480000
0!

#16485000
1!
1%
1)
0+
1,
1/
1C
1D

#16490000
0!

#16495000
1!

#16496000
0,

#16500000
0!
b100000000110100 #
1$
1(
0/

#16505000
1!
0%
0)
1<
b100000000110100 =
1>
0D

#16506000
0$
0(

#16510000
0!

#16515000
1!
14
b100000000110100 6
bx :
0<
0>
0C
1E
b100000000110100 G
bx K
1S
b1101 b
b10011001000000000000000000011 c
b1101 e
b111 f
1g
b1101 i
bx j

#16520000
0!

#16525000
1!
1+
04
b0 :
0E
b0 K
0S
0g
b0 j

#16530000
0!

#16535000
1!
1%
1)
0+
1,
1/
1C
1D

#16540000
0!

#16545000
1!

#16546000
0,

#16550000
0!
b100000000111000 #
1$
1(
0/

#16555000
1!
0%
0)
1<
b100000000111000 =
1>
0D

#16556000
0$
0(

#16560000
0!

#16565000
1!
14
b100000000111000 6
bx :
0<
0>
0C
1E
b100000000111000 G
bx K
1S
b1110 b
b1010101000100000000000000000011 c
b1110 e
b10 f
1g
b1110 i
bx j

#16570000
0!

#16575000
1!
1+
04
b0 :
0E
b0 K
0S
0g
b0 j

#16580000
0!

#16585000
1!
1%
1)
0+
1,
1/
1C
1D

#16590000
0!

#16595000
1!

#16596000
0,

#16600000
0!
b100000000111100 #
1$
1(
0/

#16605000
1!
0%
0)
1<
b100000000111100 =
1>
0D

#16606000
0$
0(

#16610000
0!

#16615000
1!
14
b100000000111100 6
bx :
0<
0>
0C
1E
b100000000111100 G
bx K
1S
b1111 b
b1110110001101010000000000000000 c
b1111 e
b100 f
1g
b1111 i
bx j

#16620000
0!

#16625000
1!
1+
04
b0 :
0E
b0 K
0S
0g
b0 j

#16630000
0!

#16635000
1!
1%
1)
0+
1,
1/
1C
1D

#16640000
0!

#16645000
1!

#16646000
0,

#16650000
0!
b100000001000000 #
1$
b110 &
1(
0/

#16655000
1!
0%
0)
1<
b100000001000000 =
1>
b110 ?
0D

#16656000
0$
0(

#16660000
0!

#16665000
1!
14
b100000001000000 6
b110 7
bx :
0<
0>
0C
1E
b100000001000000 G
b110 H
bx K
1S
b10000 b
b10011001000000000000000000100 c
b10000 e
b111 f
1g
b1 h
b0 i
bx j

#16670000
0!

#16675000
1!
1+
04
b0 :
0E
b0 K
0S
0g
b110 j

#16680000
0!

#16685000
1!
1%
1)
0+
1,
1/
1C
1D

#16690000
0!

#16695000
1!

#16696000
0,

#16700000
0!
b100000001000100 #
1$
b1001 &
1(
0/

#16705000
1!
0%
0)
1<
b100000001000100 =
1>
b1001 ?
0D

#16706000
0$
0(

#16710000
0!

#16715000
1!
14
b100000001000100 6
b1001 7
bx :
0<
0>
0C
1E
b100000001000100 G
b1001 H
bx K
1S
b10001 b
b1010101000100000000000000000100 c
b10001 e
b10 f
1g
b1 i
bx j

#16720000
0!

#16725000
1!
1+
04
b0 :
0E
b0 K
0S
0g
b1001 j

#16730000
0!

#16735000
1!
1%
1)
0+
1,
1/
1C
1D

#16740000
0!

#16745000
1!

#16746000
0,

#16750000
0!
b100000001001000 #
1$
b11 &
1(
0/

#16755000
1!
0%
0)
1<
b100000001001000 =
1>
b11 ?
0D

#16756000
0$
0(

#16760000
0!

#16765000
1!
14
b100000001001000 6
b11 7
bx :
0<
0>
0C
1E
b100000001001000 G
b11 H
bx K
1S
b10010 b
b1110110001101010000000000000000 c
b10010 e
b100 f
1g
b10 i
bx j

#16770000
0!

#16775000
1!
1+
04
b0 :
0E
b0 K
0S
0g
b11 j

#16780000
0!

#16785000
1!
1%
1)
0+
1,
1/
1C
1D

#16790000
0!

#16795000
1!

#16796000
0,

#16800000
0!
b100000001001100 #
1$
b110 &
1(
0/

#16805000
1!
0%
0)
1<
b100000001001100 =
1>
b110 ?
0D

#16806000
0$
0(

#16810000
0!

#16815000
1!
14
b100000001001100 6
b110 7
bx :
0<
0>
0C
1E
b100000001001100 G
b110 H
bx K
1S
b10011 b
b10011001000000000000000000101 c
b10011 e
b110 f
1g
b11 i
bx j

#16820000
0!

#16825000
1!
1+
04
b0 :
0E
b0 K
0S
0g
b110 j

#16830000
0!

#16835000
1!
1%
1)
0+
1,
1/
1C
1D

#16840000
0!

#16845000
1!

#16846000
0,

#16850000
0!
b100000001010000 #
1$
b1001 &
1(
0/

#16855000
1!
0%
0)
1<
b100000001010000 =
1>
b1001 ?
0D

#16856000
0$
0(

#16860000
0!

#16865000
1!
14
b100000001010000 6
b1001 7
bx :
0<
0>
0C
1E
b100000001010000 G
b1001 H
bx K
1S
b10100 b
b1010101000100000000000000000101 c
b10100 e
b1 f
1g
b100 i
bx j

#16870000
0!

#16875000
1!
1+
04
b0 :
0E
b0 K
0S
0g
b1001 j

#16880000
0!

#16885000
1!
1%
1)
0+
1,
1/
1C
1D

#16890000
0!

#16895000
1!

#16896000
0,

#16900000
0!
b100000001010100 #
1$
b11 &
1(
0/

#16905000
1!
0%
0)
1<
b100000001010100 =
1>
b11 ?
0D

#16906000
0$
0(

#16910000
0!

#16915000
1!
14
b100000001010100 6
b11 7
bx :
0<
0>
0C
1E
b100000001010100 G
b11 H
bx K
1S
b10101 b
b1110110001101010000000000000000 c
b10101 e
b11 f
1g
b101 i
bx j

#16920000
0!

#16925000
1!
1+
04
b0 :
0E
b0 K
0S
0g
b11 j

#16930000
0!

#16935000
1!
1%
1)
0+
1,
1/
1C
1D

#16940000
0!

#16945000
1!

#16946000
0,

#16950000
0!
b100000001011000 #
1$
b110 &
1(
0/

#16955000
1!
0%
0)
1<
b100000001011000 =
1>
b110 ?
0D

#16956000
0$
0(

#16960000
0!

#16965000
1!
14
b100000001011000 6
b110 7
bx :
0<
0>
0C
1E
b100000001011000 G
b110 H
bx K
1S
b10110 b
b10011001000000000000000000110 c
b10110 e
b101 f
1g
b110 i
bx j

#16970000
0!

#16975000
1!
1+
04
b0 :
0E
b0 K
0S
0g
b110 j

#16980000
0!

#16985000
1!
1%
1)
0+
1,
1/
1C
1D

#16990000
0!

#16995000
1!

#16996000
0,

#17000000
0!
b100000001011100 #
1$
b1001 &
1(
0/

#17005000
1!
0%
0)
1<
b100000001011100 =
1>
b1001 ?
0D

#17006000
0$
0(

#17010000
0!

#17015000
1!
14
b100000001011100 6
b1001 7
bx :
0<
0>
0C
1E
b100000001011100 G
b1001 H
bx K
1S
b10111 b
b1010101000100000000000000000110 c
b10111 e
b111 f
1g
b111 i
bx j

#17020000
0!

#17025000
1!
1+
04
b0 :
0E
b0 K
0S
0g
b1001 j

#17030000
0!

#17035000
1!
1%
1)
0+
1,
1/
1C
1D

#17040000
0!

#17045000
1!

#17046000
0,

#17050000
0!
b100000001100000 #
1$
b0 &
1(
0/

#17055000
1!
0%
0)
1<
b100000001100000 =
1>
b0 ?
0D

#17056000
0$
0(

#17060000
0!

#17065000
1!
14
b100000001100000 6
b0 7
bx :
0<
0>
0C
1E
b100000001100000 G
b0 H
bx K
1S
b11000 b
b1110110001101010000000000000000 c
b11000 e
b11 f
1g
b1000 i
bx j

#17070000
0!

#17075000
1!
1+
04
b0 :
0E
b0 K
0S
0g
b0 j

#17080000
0!

#17085000
1!
1%
1)
0+
1,
1/
1C
1D

#17090000
0!

#17095000
1!

#17096000
0,

#17100000
0!
b100000001100100 #
1$
1(
0/

#17105000
1!
0%
0)
1<
b100000001100100 =
1>
0D

#17106000
0$
0(

#17110000
0!

#17115000
1!
14
b100000001100100 6
bx :
0<
0>
0C
1E
b100000001100100 G
bx K
1S
b11001 b
b10011001000000000000000000111 c
b11001 e
b101 f
1g
b1001 i
bx j

#17120000
0!

#17125000
1!
1+
04
b0 :
0E
b0 K
0S
0g
b0 j

#17130000
0!

#17135000
1!
1%
1)
0+
1,
1/
1C
1D

#17140000
0!

#17145000
1!

#17146000
0,

#17150000
0!
b100000001101000 #
1$
1(
0/

#17155000
1!
0%
0)
1<
b100000001101000 =
1>
0D

#17156000
0$
0(

#17160000
0!

#17165000
1!
14
b100000001101000 6
bx :
0<
0>
0C
1E
b100000001101000 G
bx K
1S
b11010 b
b1010101000100000000000000000111 c
b11010 e
b111 f
1g
b1010 i
bx j

#17170000
0!

#17175000
1!
1+
04
b0 :
0E
b0 K
0S
0g
b0 j

#17180000
0!

#17185000
1!
1%
1)
0+
1,
1/
1C
1D

#17190000
0!

#17195000
1!

#17196000
0,

#17200000
0!
b100000001101100 #
1$
1(
0/

#17205000
1!
0%
0)
1<
b100000001101100 =
1>
0D

#17206000
0$
0(

#17210000
0!

#17215000
1!
14
b100000001101100 6
bx :
0<
0>
0C
1E
b100000001101100 G
bx K
1S
b11011 b
b1110110001101010000000000000000 c
b11011 e
b10 f
1g
b1011 i
bx j

#17220000
0!

#17225000
1!
1+
04
b0 :
0E
b0 K
0S
0g
b0 j

#17230000
0!

#17235000
1!
1%
1)
0+
1,
1/
1C
1D

#17240000
0!

#17245000
1!

#17246000
0,

#17250000
0!
b100000001110000 #
1$
1(
0/

#17255000
1!
0%
0)
1<
b100000001110000 =
1>
0D

#17256000
0$
0(

#17260000
0!

#17265000
1!
14
b100000001110000 6
bx :
0<
0>
0C
1E
b100000001110000 G
bx K
1S
b11100 b
b110001000100000001000000000000 c
b11100 e
b100 f
1g
b1100 i
bx j

#17270000
0!

#17275000
1!
1+
04
b0 :
0E
b0 K
0S
0g
b0 j

#17280000
0!

#17285000
1!
1%
1)
0+
1,
1/
1C
1D

#17290000
0!

#17295000
1!

#17296000
0,

#17300000
0!
b100000001110100 #
1$
1(
0/

#17305000
1!
0%
0)
1<
b100000001110100 =
1>
0D

#17306000
0$
0(

#17310000
0!

#17315000
1!
14
b100000001110100 6
bx :
0<
0>
0C
1E
b100000001110100 G
bx K
1S
b11101 b
b1100000000101100000000000000000 c
b11101 e
b110 f
1g
b1101 i
bx j

#17320000
0!

#17325000
1!
1+
04
b0 :
0E
b0 K
0S
0g
b0 j

#17330000
0!

#17335000
1!
1%
1)
0+
1,
1/
1C
1D

#17340000
0!

#17345000
1!

#17346000
0,

#17350000
0!
b100000001111000 #
1$
1(
0/

#17355000
1!
0%
0)
1<
b100000001111000 =
1>
0D

#17356000
0$
0(

#17360000
0!

#17365000
1!
14
b100000001111000 6
bx :
0<
0>
0C
1E
b100000001111000 G
bx K
1S
b11110 b
b110010001000000000100000000000 c
b11110 e
b1 f
1g
b1110 i
bx j

#17370000
0!

#17375000
1!
1+
04
b0 :
0E
b0 K
0S
0g
b0 j

#17380000
0!

#17385000
1!
1%
1)
0+
1,
1/
1C
1D

#17390000
0!

#17395000
1!

#17396000
0,

#17400000
0!
b100000001111100 #
1$
1(
0/

#17405000
1!
0%
0)
1<
b100000001111100 =
1>
0D

#17406000
0$
0(

#17410000
0!

#17415000
1!
14
b100000001111100 6
bx :
0<
0>
0C
1E
b100000001111100 G
bx K
1S
b11111 b
b110001000100000000000000000000 c
b11111 e
b11 f
1g
b1111 i
bx j

#17420000
0!

#17425000
1!
1+
04
b0 :
0E
b0 K
0S
0g
b0 j

#17430000
0!

#17435000
1!
1%
1)
0+
1,
1/
1C
1D

#17440000
0!

#17445000
1!

#17446000
0,

#17450000
0!
b100000010000000 #
1$
b10 &
1(
0/

#17455000
1!
0%
0)
1<
b100000010000000 =
1>
b10 ?
0D

#17456000
0$
0(

#17460000
0!

#17465000
1!
14
b100000010000000 6
b10 7
bx :
0<
0>
0C
1E
b100000010000000 G
b10 H
bx K
1S
b100000 b
b1110110000001010000000010000000 c
b100000 e
b110 f
1g
b10 h
b0 i
bx j

#17470000
0!

#17475000
1!
1+
04
b0 :
0E
b0 K
0S
0g
b10 j

#17480000
0!

#17485000
1!
1%
1)
0+
1,
1/
1C
1D

#17490000
0!

#17495000
1!

#17496000
0,

#17500000
0!
b100000010000100 #
1$
b101 &
1(
0/

#17505000
1!
0%
0)
1<
b100000010000100 =
1>
b101 ?
0D

#17506000
0$
0(

#17510000
0!

#17515000
1!
14
b100000010000100 6
b101 7
bx :
0<
0>
0C
1E
b100000010000100 G
b101 H
bx K
1S
b100001 b
b10011001000000000000000000000 c
b100001 e
b1 f
1g
b1 i
bx j

#17520000
0!

#17525000
1!
1+
04
b0 :
0E
b0 K
0S
0g
b101 j

#17530000
0!

#17535000
1!
1%
1)
0+
1,
1/
1C
1D

#17540000
0!

#17545000
1!

#17546000
0,

#17550000
0!
b100000010001000 #
1$
b1000 &
1(
0/

#17555000
1!
0%
0)
1<
b100000010001000 =
1>
b1000 ?
0D

#17556000
0$
0(

#17560000
0!

#17565000
1!
14
b100000010001000 6
b1000 7
bx :
0<
0>
0C
1E
b100000010001000 G
b1000 H
bx K
1S
b100010 b
b1010101000100000000000000000000 c
b100010 e
b11 f
1g
b10 i
bx j

#17570000
0!

#17575000
1!
1+
04
b0 :
0E
b0 K
0S
0g
b1000 j

#17580000
0!

#17585000
1!
1%
1)
0+
1,
1/
1C
1D

#17590000
0!

#17595000
1!

#17596000
0,

#17600000
0!
b100000010001100 #
1$
b10 &
1(
0/

#17605000
1!
0%
0)
1<
b100000010001100 =
1>
b10 ?
0D

#17606000
0$
0(

#17610000
0!

#17615000
1!
14
b100000010001100 6
b10 7
bx :
0<
0>
0C
1E
b100000010001100 G
b10 H
bx K
1S
b100011 b
b1110110001101010000000000000000 c
b100011 e
b101 f
1g
b11 i
bx j

#17620000
0!

#17625000
1!
1+
04
b0 :
0E
b0 K
0S
0g
b10 j

#17630000
0!

#17635000
1!
1%
1)
0+
1,
1/
1C
1D

#17640000
0!

#17645000
1!

#17646000
0,

#17650000
0!
b100000010010000 #
1$
b101 &
1(
0/

#17655000
1!
0%
0)
1<
b100000010010000 =
1>
b101 ?
0D

#17656000
0$
0(

#17660000
0!

#17665000
1!
14
b100000010010000 6
b101 7
bx :
0<
0>
0C
1E
b100000010010000 G
b101 H
bx K
1S
b100100 b
b10011001000000000000000000001 c
b100100 e
b111 f
1g
b100 i
bx j

#17670000
0!

#17675000
1!
1+
04
b0 :
0E
b0 K
0S
0g
b101 j

#17680000
0!

#17685000
1!
1%
1)
0+
1,
1/
1C
1D

#17690000
0!

#17695000
1!

#17696000
0,

#17700000
0!
b100000010010100 #
1$
b1000 &
1(
0/

#17705000
1!
0%
0)
1<
b100000010010100 =
1>
b1000 ?
0D

#17706000
0$
0(

#17710000
0!

#17715000
1!
14
b100000010010100 6
b1000 7
bx :
0<
0>
0C
1E
b100000010010100 G
b1000 H
bx K
1S
b100101 b
b1010101000100000000000000000001 c
b100101 e
b10 f
1g
b101 i
bx j

#17720000
0!

#17725000
1!
1+
04
b0 :
0E
b0 K
0S
0g
b1000 j

#17730000
0!

#17735000
1!
1%
1)
0+
1,
1/
1C
1D

#17740000
0!

#17745000
1!

#17746000
0,

#17750000
0!
b100000010011000 #
1$
b10 &
1(
0/

#17755000
1!
0%
0)
1<
b100000010011000 =
1>
b10 ?
0D

#17756000
0$
0(

#17760000
0!

#17765000
1!
14
b100000010011000 6
b10 7
bx :
0<
0>
0C
1E
b100000010011000 G
b10 H
bx K
1S
b100110 b
b1110110001101010000000000000000 c
b100110 e
b100 f
1g
b110 i
bx j

#17770000
0!

#17775000
1!
1+
04
b0 :
0E
b0 K
0S
0g
b10 j

#17780000
0!

#17785000
1!
1%
1)
0+
1,
1/
1C
1D

#17790000
0!

#17795000
1!

#17796000
0,

#17800000
0!
b100000010011100 #
1$
b101 &
1(
0/

#17805000
1!
0%
0)
1<
b100000010011100 =
1>
b101 ?
0D

#17806000
0$
0(

#17810000
0!

#17815000
1!
14
b100000010011100 6
b101 7
bx :
0<
0>
0C
1E
b100000010011100 G
b101 H
bx K
1S
b100111 b
b10011001000000000000000000010 c
b100111 e
b110 f
1g
b111 i
bx j

#17820000
0!

#17825000
1!
1+
04
b0 :
0E
b0 K
0S
0g
b101 j

#17830000
0!

#17835000
1!
1%
1)
0+
1,
1/
1C
1D

#17840000
0!

#17845000
1!

#17846000
0,

#17850000
0!
b100000010100000 #
1$
b0 &
1(
0/

#17855000
1!
0%
0)
1<
b100000010100000 =
1>
b0 ?
0D

#17856000
0$
0(

#17860000
0!

#17865000
1!
14
b100000010100000 6
b0 7
bx :
0<
0>
0C
1E
b100000010100000 G
b0 H
bx K
1S
b101000 b
b1010101000100000000000000000010 c
b101000 e
b10 f
1g
b1000 i
bx j

#17870000
0!

#17875000
1!
1+
04
b0 :
0E
b0 K
0S
0g
b0 j

#17880000
0!

#17885000
1!
1%
1)
0+
1,
1/
1C
1D

#17890000
0!

#17895000
1!

#17896000
0,

#17900000
0!
b100000010100100 #
1$
1(
0/

#17905000
1!
0%
0)
1<
b100000010100100 =
1>
0D

#17906000
0$
0(

#17910000
0!

#17915000
1!
14
b100000010100100 6
bx :
0<
0>
0C
1E
b100000010100100 G
bx K
1S
b101001 b
b1110110001101010000000000000000 c
b101001 e
b100 f
1g
b1001 i
bx j

#17920000
0!

#17925000
1!
1+
04
b0 :
0E
b0 K
0S
0g
b0 j

#17930000
0!

#17935000
1!
1%
1)
0+
1,
1/
1C
1D

#17940000
0!

#17945000
1!

#17946000
0,

#17950000
0!
b100000010101000 #
1$
1(
0/

#17955000
1!
0%
0)
1<
b100000010101000 =
1>
0D

#17956000
0$
0(

#17960000
0!

#17965000
1!
14
b100000010101000 6
bx :
0<
0>
0C
1E
b100000010101000 G
bx K
1S
b101010 b
b10011001000000000000000000011 c
b101010 e
b110 f
1g
b1010 i
bx j

#17970000
0!

#17975000
1!
1+
04
b0 :
0E
b0 K
0S
0g
b0 j

#17980000
0!

#17985000
1!
1%
1)
0+
1,
1/
1C
1D

#17990000
0!

#17995000
1!

#17996000
0,

#18000000
0!
b100000010101100 #
1$
1(
0/

#18005000
1!
0%
0)
1<
b100000010101100 =
1>
0D

#18006000
0$
0(

#18010000
0!

#18015000
1!
14
b100000010101100 6
bx :
0<
0>
0C
1E
b100000010101100 G
bx K
1S
b101011 b
b1010101000100000000000000000011 c
b101011 e
b1 f
1g
b1011 i
bx j

#18020000
0!

#18025000
1!
1+
04
b0 :
0E
b0 K
0S
0g
b0 j

#18030000
0!

#18035000
1!
1%
1)
0+
1,
1/
1C
1D

#18040000
0!

#18045000
1!

#18046000
0,

#18050000
0!
b100000010110000 #
1$
1(
0/

#18055000
1!
0%
0)
1<
b100000010110000 =
1>
0D

#18056000
0$
0(

#18060000
0!

#18065000
1!
14
b100000010110000 6
bx :
0<
0>
0C
1E
b100000010110000 G
bx K
1S
b101100 b
b1110110001101010000000000000000 c
b101100 e
b11 f
1g
b1100 i
bx j

#18070000
0!

#18075000
1!
1+
04
b0 :
0E
b0 K
0S
0g
b0 j

#18080000
0!

#18085000
1!
1%
1)
0+
1,
1/
1C
1D

#18090000
0!

#18095000
1!

#18096000
0,

#18100000
0!
b100000010110100 #
1$
1(
0/

#18105000
1!
0%
0)
1<
b100000010110100 =
1>
0D

#18106000
0$
0(

#18110000
0!

#18115000
1!
14
b100000010110100 6
bx :
0<
0>
0C
1E
b100000010110100 G
bx K
1S
b101101 b
b10011001000000000000000000100 c
b101101 e
b101 f
1g
b1101 i
bx j

#18120000
0!

#18125000
1!
1+
04
b0 :
0E
b0 K
0S
0g
b0 j

#18130000
0!

#18135000
1!
1%
1)
0+
1,
1/
1C
1D

#18140000
0!

#18145000
1!

#18146000
0,

#18150000
0!
b100000010111000 #
1$
1(
0/

#18155000
1!
0%
0)
1<
b100000010111000 =
1>
0D

#18156000
0$
0(

#18160000
0!

#18165000
1!
14
b100000010111000 6
bx :
0<
0>
0C
1E
b100000010111000 G
bx K
1S
b101110 b
b1010101000100000000000000000100 c
b101110 e
b111 f
1g
b1110 i
bx j

#18170000
0!

#18175000
1!
1+
04
b0 :
0E
b0 K
0S
0g
b0 j

#18180000
0!

#18185000
1!
1%
1)
0+
1,
1/
1C
1D

#18190000
0!

#18195000
1!

#18196000
0,

#18200000
0!
b100000010111100 #
1$
1(
0/

#18205000
1!
0%
0)
1<
b100000010111100 =
1>
0D

#18206000
0$
0(

#18210000
0!

#18215000
1!
14
b100000010111100 6
bx :
0<
0>
0C
1E
b100000010111100 G
bx K
1S
b101111 b
b1110110001101010000000000000000 c
b101111 e
b10 f
1g
b1111 i
bx j

#18220000
0!

#18225000
1!
1+
04
b0 :
0E
b0 K
0S
0g
b0 j

#18230000
0!

#18235000
1!
1%
1)
0+
1,
1/
1C
1D

#18240000
0!

#18245000
1!

#18246000
0,

#18250000
0!
b100000011000000 #
1$
b111 &
1(
0/

#18255000
1!
0%
0)
1<
b100000011000000 =
1>
b111 ?
0D

#18256000
0$
0(

#18260000
0!

#18265000
1!
14
b100000011000000 6
b111 7
bx :
0<
0>
0C
1E
b100000011000000 G
b111 H
bx K
1S
b110000 b
b10011001000000000000000000101 c
b110000 e
b101 f
1g
b11 h
b0 i
bx j

#18270000
0!

#18275000
1!
1+
04
b0 :
0E
b0 K
0S
0g
b111 j

#18280000
0!

#18285000
1!
1%
1)
0+
1,
1/
1C
1D

#18290000
0!

#18295000
1!

#18296000
0,

#18300000
0!
b100000011000100 #
1$
b1 &
1(
0/

#18305000
1!
0%
0)
1<
b100000011000100 =
1>
b1 ?
0D

#18306000
0$
0(

#18310000
0!

#18315000
1!
14
b100000011000100 6
b1 7
bx :
0<
0>
0C
1E
b100000011000100 G
b1 H
bx K
1S
b110001 b
b1010101000100000000000000000101 c
b110001 e
b111 f
1g
b1 i
bx j

#18320000
0!

#18325000
1!
1+
04
b0 :
0E
b0 K
0S
0g
b1 j

#18330000
0!

#18335000
1!
1%
1)
0+
1,
1/
1C
1D

#18340000
0!

#18345000
1!

#18346000
0,

#18350000
0!
b100000011001000 #
1$
b100 &
1(
0/

#18355000
1!
0%
0)
1<
b100000011001000 =
1>
b100 ?
0D

#18356000
0$
0(

#18360000
0!

#18365000
1!
14
b100000011001000 6
b100 7
bx :
0<
0>
0C
1E
b100000011001000 G
b100 H
bx K
1S
b110010 b
b1110110001101010000000000000000 c
b110010 e
b10 f
1g
b10 i
bx j

#18370000
0!

#18375000
1!
1+
04
b0 :
0E
b0 K
0S
0g
b100 j

#18380000
0!

#18385000
1!
1%
1)
0+
1,
1/
1C
1D

#18390000
0!

#18395000
1!

#18396000
0,

#18400000
0!
b100000011001100 #
1$
b111 &
1(
0/

#18405000
1!
0%
0)
1<
b100000011001100 =
1>
b111 ?
0D

#18406000
0$
0(

#18410000
0!

#18415000
1!
14
b100000011001100 6
b111 7
bx :
0<
0>
0C
1E
b100000011001100 G
b111 H
bx K
1S
b110011 b
b10011001000000000000000000110 c
b110011 e
b100 f
1g
b11 i
bx j

#18420000
0!

#18425000
1!
1+
04
b0 :
0E
b0 K
0S
0g
b111 j

#18430000
0!

#18435000
1!
1%
1)
0+
1,
1/
1C
1D

#18440000
0!

#18445000
1!

#18446000
0,

#18450000
0!
b100000011010000 #
1$
b1 &
1(
0/

#18455000
1!
0%
0)
1<
b100000011010000 =
1>
b1 ?
0D

#18456000
0$
0(

#18460000
0!

#18465000
1!
14
b100000011010000 6
b1 7
bx :
0<
0>
0C
1E
b100000011010000 G
b1 H
bx K
1S
b110100 b
b1010101000100000000000000000110 c
b110100 e
b110 f
1g
b100 i
bx j

#18470000
0!

#18475000
1!
1+
04
b0 :
0E
b0 K
0S
0g
b1 j

#18480000
0!

#18485000
1!
1%
1)
0+
1,
1/
1C
1D

#18490000
0!

#18495000
1!

#18496000
0,

#18500000
0!
b100000011010100 #
1$
b100 &
1(
0/

#18505000
1!
0%
0)
1<
b100000011010100 =
1>
b100 ?
0D

#18506000
0$
0(

#18510000
0!

#18515000
1!
14
b100000011010100 6
b100 7
bx :
0<
0>
0C
1E
b100000011010100 G
b100 H
bx K
1S
b110101 b
b1110110001101010000000000000000 c
b110101 e
b1 f
1g
b101 i
bx j

#18520000
0!

#18525000
1!
1+
04
b0 :
0E
b0 K
0S
0g
b100 j

#18530000
0!

#18535000
1!
1%
1)
0+
1,
1/
1C
1D

#18540000
0!

#18545000
1!

#18546000
0,

#18550000
0!
b100000011011000 #
1$
b111 &
1(
0/

#18555000
1!
0%
0)
1<
b100000011011000 =
1>
b111 ?
0D

#18556000
0$
0(

#18560000
0!

#18565000
1!
14
b100000011011000 6
b111 7
bx :
0<
0>
0C
1E
b100000011011000 G
b111 H
bx K
1S
b110110 b
b10011001000000000000000000111 c
b110110 e
b11 f
1g
b110 i
bx j

#18570000
0!

#18575000
1!
1+
04
b0 :
0E
b0 K
0S
0g
b111 j

#18580000
0!

#18585000
1!
1%
1)
0+
1,
1/
1C
1D

#18590000
0!

#18595000
1!

#18596000
0,

#18600000
0!
b100000011011100 #
1$
b1 &
1(
0/

#18605000
1!
0%
0)
1<
b100000011011100 =
1>
b1 ?
0D

#18606000
0$
0(

#18610000
0!

#18615000
1!
14
b100000011011100 6
b1 7
bx :
0<
0>
0C
1E
b100000011011100 G
b1 H
bx K
1S
b110111 b
b1010101000100000000000000000111 c
b110111 e
b101 f
1g
b111 i
bx j

#18620000
0!

#18625000
1!
1+
04
b0 :
0E
b0 K
0S
0g
b1 j

#18630000
0!

#18635000
1!
1%
1)
0+
1,
1/
1C
1D

#18640000
0!

#18645000
1!

#18646000
0,

#18650000
0!
b100000011100000 #
1$
b0 &
1(
0/

#18655000
1!
0%
0)
1<
b100000011100000 =
1>
b0 ?
0D

#18656000
0$
0(

#18660000
0!

#18665000
1!
14
b100000011100000 6
b0 7
bx :
0<
0>
0C
1E
b100000011100000 G
b0 H
bx K
1S
b111000 b
b1110110001101010000000000000000 c
b111000 e
b1 f
1g
b1000 i
bx j

#18670000
0!

#18675000
1!
1+
04
b0 :
0E
b0 K
0S
0g
b0 j

#18680000
0!

#18685000
1!
1%
1)
0+
1,
1/
1C
1D

#18690000
0!

#18695000
1!

#18696000
0,

#18700000
0!
b100000011100100 #
1$
1(
0/

#18705000
1!
0%
0)
1<
b100000011100100 =
1>
0D

#18706000
0$
0(

#18710000
0!

#18715000
1!
14
b100000011100100 6
bx :
0<
0>
0C
1E
b100000011100100 G
bx K
1S
b111001 b
b110001000100000001000100000000 c
b111001 e
b11 f
1g
b1001 i
bx j

#18720000
0!

#18725000
1!
1+
04
b0 :
0E
b0 K
0S
0g
b0 j

#18730000
0!

#18735000
1!
1%
1)
0+
1,
1/
1C
1D

#18740000
0!

#18745000
1!

#18746000
0,

#18750000
0!
b100000011101000 #
1$
1(
0/

#18755000
1!
0%
0)
1<
b100000011101000 =
1>
0D

#18756000
0$
0(

#18760000
0!

#18765000
1!
14
b100000011101000 6
bx :
0<
0>
0C
1E
b100000011101000 G
bx K
1S
b111010 b
b1100000000101100000000000000000 c
b111010 e
b101 f
1g
b1010 i
bx j

#18770000
0!

#18775000
1!
1+
04
b0 :
0E
b0 K
0S
0g
b0 j

#18780000
0!

#18785000
1!
1%
1)
0+
1,
1/
1C
1D

#18790000
0!

#18795000
1!

#18796000
0,

#18800000
0!
b100000011101100 #
1$
1(
0/

#18805000
1!
0%
0)
1<
b100000011101100 =
1>
0D

#18806000
0$
0(

#18810000
0!

#18815000
1!
14
b100000011101100 6
bx :
0<
0>
0C
1E
b100000011101100 G
bx K
1S
b111011 b
b110010001000000001000000000000 c
b111011 e
b111 f
1g
b1011 i
bx j

#18820000
0!

#18825000
1!
1+
04
b0 :
0E
b0 K
0S
0g
b0 j

#18830000
0!

#18835000
1!
1%
1)
0+
1,
1/
1C
1D

#18840000
0!

#18845000
1!

#18846000
0,

#18850000
0!
b100000011110000 #
1$
1(
0/

#18855000
1!
0%
0)
1<
b100000011110000 =
1>
0D

#18856000
0$
0(

#18860000
0!

#18865000
1!
14
b100000011110000 6
bx :
0<
0>
0C
1E
b100000011110000 G
bx K
1S
b111100 b
b110001000100000000000000000000 c
b111100 e
b10 f
1g
b1100 i
bx j

#18870000
0!

#18875000
1!
1+
04
b0 :
0E
b0 K
0S
0g
b0 j

#18880000
0!

#18885000
1!
1%
1)
0+
1,
1/
1C
1D

#18890000
0!

#18895000
1!

#18896000
0,

#18900000
0!
b100000011110100 #
1$
1(
0/

#18905000
1!
0%
0)
1<
b100000011110100 =
1>
0D

#18906000
0$
0(

#18910000
0!

#18915000
1!
14
b100000011110100 6
bx :
0<
0>
0C
1E
b100000011110100 G
bx K
1S
b111101 b
b1110110000001010000000010000000 c
b111101 e
b100 f
1g
b1101 i
bx j

#18920000
0!

#18925000
1!
1+
04
b0 :
0E
b0 K
0S
0g
b0 j

#18930000
0!

#18935000
1!
1%
1)
0+
1,
1/
1C
1D

#18940000
0!

#18945000
1!

#18946000
0,

#18950000
0!
b100000011111000 #
1$
1(
0/

#18955000
1!
0%
0)
1<
b100000011111000 =
1>
0D

#18956000
0$
0(

#18960000
0!

#18965000
1!
14
b100000011111000 6
bx :
0<
0>
0C
1E
b100000011111000 G
bx K
1S
b111110 b
b10011001000000000000000000000 c
b111110 e
b110 f
1g
b1110 i
bx j

#18970000
0!

#18975000
1!
1+
04
b0 :
0E
b0 K
0S
0g
b0 j

#18980000
0!

#18985000
1!
1%
1)
0+
1,
1/
1C
1D

#18990000
0!

#18995000
1!

#18996000
0,

#19000000
0!
b100000011111100 #
1$
1(
0/

#19005000
1!
0%
0)
1<
b100000011111100 =
1>
0D

#19006000
0$
0(

#19010000
0!

#19015000
1!
14
b100000011111100 6
bx :
0<
0>
0C
1E
b100000011111100 G
bx K
1S
b111111 b
b1010101000100000000000000000000 c
b111111 e
b1 f
1g
b1111 i
bx j

#19020000
0!

#19025000
1!
1+
04
b0 :
0E
b0 K
0S
0g
b0 j

#19030000
0!

#19035000
1!
1%
1)
0+
1,
1/
1C
1D

#19040000
0!

#19045000
1!

#19046000
0,

#19050000
0!
b100000100000000 #
1$
b11 &
1(
0/

#19055000
1!
0%
0)
1<
b100000100000000 =
1>
b11 ?
0D

#19056000
0$
0(

#19060000
0!

#19065000
1!
14
b100000100000000 6
b11 7
bx :
0<
0>
0C
1E
b100000100000000 G
b11 H
bx K
1S
b1000000 b
b1110110001101010000000000000000 c
b1000000 e
b0xxxxxxxxxxxxxxxx f
1g
b100 h
b0 i
bx j

#19070000
0!

#19075000
1!
1+
04
b0 :
0E
b0 K
0S
0g
b11 j

#19080000
0!

#19085000
1!
1%
1)
0+
1,
1/
1C
1D

#19090000
0!

#19095000
1!

#19096000
0,

#19100000
0!
b100000100000100 #
1$
b110 &
1(
0/

#19105000
1!
0%
0)
1<
b100000100000100 =
1>
b110 ?
0D

#19106000
0$
0(

#19110000
0!

#19115000
1!
14
b100000100000100 6
b110 7
bx :
0<
0>
0C
1E
b100000100000100 G
b110 H
bx K
1S
b1000001 b
b10011001000000000000000000001 c
b1000001 e
1g
b1 i
bx j

#19120000
0!

#19125000
1!
1+
04
b0 :
0E
b0 K
0S
0g
b110 j

#19130000
0!

#19135000
1!
1%
1)
0+
1,
1/
1C
1D

#19140000
0!

#19145000
1!

#19146000
0,

#19150000
0!
b100000100001000 #
1$
b1001 &
1(
0/

#19155000
1!
0%
0)
1<
b100000100001000 =
1>
b1001 ?
0D

#19156000
0$
0(

#19160000
0!

#19165000
1!
14
b100000100001000 6
b1001 7
bx :
0<
0>
0C
1E
b100000100001000 G
b1001 H
bx K
1S
b1000010 b
b1010101000100000000000000000001 c
b1000010 e
1g
b10 i
bx j

#19170000
0!

#19175000
1!
1+
04
b0 :
0E
b0 K
0S
0g
b1001 j

#19180000
0!

#19185000
1!
1%
1)
0+
1,
1/
1C
1D

#19190000
0!

#19195000
1!

#19196000
0,

#19200000
0!
b100000100001100 #
1$
b11 &
1(
0/

#19205000
1!
0%
0)
1<
b100000100001100 =
1>
b11 ?
0D

#19206000
0$
0(

#19210000
0!

#19215000
1!
14
b100000100001100 6
b11 7
bx :
0<
0>
0C
1E
b100000100001100 G
b11 H
bx K
1S
b1000011 b
b1110110001101010000000000000000 c
b1000011 e
1g
b11 i
bx j

#19220000
0!

#19225000
1!
1+
04
b0 :
0E
b0 K
0S
0g
b11 j

#19230000
0!

#19235000
1!
1%
1)
0+
1,
1/
1C
1D

#19240000
0!

#19245000
1!

#19246000
0,

#19250000
0!
b100000100010000 #
1$
b110 &
1(
0/

#19255000
1!
0%
0)
1<
b100000100010000 =
1>
b110 ?
0D

#19256000
0$
0(

#19260000
0!

#19265000
1!
14
b100000100010000 6
b110 7
bx :
0<
0>
0C
1E
b100000100010000 G
b110 H
bx K
1S
b1000100 b
b10011001000000000000000000010 c
b1000100 e
1g
b100 i
bx j

#19270000
0!

#19275000
1!
1+
04
b0 :
0E
b0 K
0S
0g
b110 j

#19280000
0!

#19285000
1!
1%
1)
0+
1,
1/
1C
1D

#19290000
0!

#19295000
1!

#19296000
0,

#19300000
0!
b100000100010100 #
1$
b1001 &
1(
0/

#19305000
1!
0%
0)
1<
b100000100010100 =
1>
b1001 ?
0D

#19306000
0$
0(

#19310000
0!

#19315000
1!
14
b100000100010100 6
b1001 7
bx :
0<
0>
0C
1E
b100000100010100 G
b1001 H
bx K
1S
b1000101 b
b1010101000100000000000000000010 c
b1000101 e
1g
b101 i
bx j

#19320000
0!

#19325000
1!
1+
04
b0 :
0E
b0 K
0S
0g
b1001 j

#19330000
0!

#19335000
1!
1%
1)
0+
1,
1/
1C
1D

#19340000
0!

#19345000
1!

#19346000
0,

#19350000
0!
b100000100011000 #
1$
b11 &
1(
0/

#19355000
1!
0%
0)
1<
b100000100011000 =
1>
b11 ?
0D

#19356000
0$
0(

#19360000
0!

#19365000
1!
14
b100000100011000 6
b11 7
bx :
0<
0>
0C
1E
b100000100011000 G
b11 H
bx K
1S
b1000110 b
b1110110001101010000000000000000 c
b1000110 e
1g
b110 i
bx j

#19370000
0!

#19375000
1!
1+
04
b0 :
0E
b0 K
0S
0g
b11 j

#19380000
0!

#19385000
1!
1%
1)
0+
1,
1/
1C
1D

#19390000
0!

#19395000
1!

#19396000
0,

#19400000
0!
b100000100011100 #
1$
b110 &
1(
0/

#19405000
1!
0%
0)
1<
b100000100011100 =
1>
b110 ?
0D

#19406000
0$
0(

#19410000
0!

#19415000
1!
14
b100000100011100 6
b110 7
bx :
0<
0>
0C
1E
b100000100011100 G
b110 H
bx K
1S
b1000111 b
b10011001000000000000000000011 c
b1000111 e
1g
b111 i
bx j

#19420000
0!

#19425000
1!
1+
04
b0 :
0E
b0 K
0S
0g
b110 j

#19430000
0!

#19435000
1!
1%
1)
0+
1,
1/
1C
1D

#19440000
0!

#19445000
1!

#19446000
0,

#19450000
0!
b100000100100000 #
1$
b0 &
1(
0/

#19455000
1!
0%
0)
1<
b100000100100000 =
1>
b0 ?
0D

#19456000
0$
0(

#19460000
0!

#19465000
1!
14
b100000100100000 6
b0 7
bx :
0<
0>
0C
1E
b100000100100000 G
b0 H
bx K
1S
b1001000 b
b1010101000100000000000000000011 c
b1001000 e
1g
b1000 i
bx j

#19470000
0!

#19475000
1!
1+
04
b0 :
0E
b0 K
0S
0g
b0 j

#19480000
0!

#19485000
1!
1%
1)
0+
1,
1/
1C
1D

#19490000
0!

#19495000
1!

#19496000
0,

#19500000
0!
b100000100100100 #
1$
1(
0/

#19505000
1!
0%
0)
1<
b100000100100100 =
1>
0D

#19506000
0$
0(

#19510000
0!

#19515000
1!
14
b100000100100100 6
bx :
0<
0>
0C
1E
b100000100100100 G
bx K
1S
b1001001 b
b1110110001101010000000000000000 c
b1001001 e
1g
b1001 i
bx j

#19520000
0!

#19525000
1!
1+
04
b0 :
0E
b0 K
0S
0g
b0 j

#19530000
0!

#19535000
1!
1%
1)
0+
1,
1/
1C
1D

#19540000
0!

#19545000
1!

#19546000
0,

#19550000
0!
b100000100101000 #
1$
1(
0/

#19555000
1!
0%
0)
1<
b100000100101000 =
1>
0D

#19556000
0$
0(

#19560000
0!

#19565000
1!
14
b100000100101000 6
bx :
0<
0>
0C
1E
b100000100101000 G
bx K
1S
b1001010 b
b10011001000000000000000000100 c
b1001010 e
1g
b1010 i
bx j

#19570000
0!

#19575000
1!
1+
04
b0 :
0E
b0 K
0S
0g
b0 j

#19580000
0!

#19585000
1!
1%
1)
0+
1,
1/
1C
1D

#19590000
0!

#19595000
1!

#19596000
0,

#19600000
0!
b100000100101100 #
1$
1(
0/

#19605000
1!
0%
0)
1<
b100000100101100 =
1>
0D

#19606000
0$
0(

#19610000
0!

#19615000
1!
14
b100000100101100 6
bx :
0<
0>
0C
1E
b100000100101100 G
bx K
1S
b1001011 b
b1010101000100000000000000000100 c
b1001011 e
1g
b1011 i
bx j

#19620000
0!

#19625000
1!
1+
04
b0 :
0E
b0 K
0S
0g
b0 j

#19630000
0!

#19635000
1!
1%
1)
0+
1,
1/
1C
1D

#19640000
0!

#19645000
1!

#19646000
0,

#19650000
0!
b100000100110000 #
1$
1(
0/

#19655000
1!
0%
0)
1<
b100000100110000 =
1>
0D

#19656000
0$
0(

#19660000
0!

#19665000
1!
14
b100000100110000 6
bx :
0<
0>
0C
1E
b100000100110000 G
bx K
1S
b1001100 b
b1110110001101010000000000000000 c
b1001100 e
1g
b1100 i
bx j

#19670000
0!

#19675000
1!
1+
04
b0 :
0E
b0 K
0S
0g
b0 j

#19680000
0!

#19685000
1!
1%
1)
0+
1,
1/
1C
1D

#19690000
0!

#19695000
1!

#19696000
0,

#19700000
0!
b100000100110100 #
1$
1(
0/

#19705000
1!
0%
0)
1<
b100000100110100 =
1>
0D

#19706000
0$
0(

#19710000
0!

#19715000
1!
14
b100000100110100 6
bx :
0<
0>
0C
1E
b100000100110100 G
bx K
1S
b1001101 b
b10011001000000000000000000101 c
b1001101 e
1g
b1101 i
bx j

#19720000
0!

#19725000
1!
1+
04
b0 :
0E
b0 K
0S
0g
b0 j

#19730000
0!

#19735000
1!
1%
1)
0+
1,
1/
1C
1D

#19740000
0!

#19745000
1!

#19746000
0,

#19750000
0!
b100000100111000 #
1$
1(
0/

#19755000
1!
0%
0)
1<
b100000100111000 =
1>
0D

#19756000
0$
0(

#19760000
0!

#19765000
1!
14
b100000100111000 6
bx :
0<
0>
0C
1E
b100000100111000 G
bx K
1S
b1001110 b
b1010101000100000000000000000101 c
b1001110 e
1g
b1110 i
bx j

#19770000
0!

#19775000
1!
1+
04
b0 :
0E
b0 K
0S
0g
b0 j

#19780000
0!

#19785000
1!
1%
1)
0+
1,
1/
1C
1D

#19790000
0!

#19795000
1!

#19796000
0,

#19800000
0!
b100000100111100 #
1$
1(
0/

#19805000
1!
0%
0)
1<
b100000100111100 =
1>
0D

#19806000
0$
0(

#19810000
0!

#19815000
1!
14
b100000100111100 6
bx :
0<
0>
0C
1E
b100000100111100 G
bx K
1S
b1001111 b
b1110110001101010000000000000000 c
b1001111 e
1g
b1111 i
bx j

#19820000
0!

#19825000
1!
1+
04
b0 :
0E
b0 K
0S
0g
b0 j

#19830000
0!

#19835000
1!
1%
1)
0+
1,
1/
1C
1D

#19840000
0!

#19845000
1!

#19846000
0,

#19850000
0!
b100000101000000 #
1$
b1000 &
1(
0/

#19855000
1!
0%
0)
1<
b100000101000000 =
1>
b1000 ?
0D

#19856000
0$
0(

#19860000
0!

#19865000
1!
14
b100000101000000 6
b1000 7
bx :
0<
0>
0C
1E
b100000101000000 G
b1000 H
bx K
1S
b1010000 b
b10011001000000000000000000110 c
b1010000 e
1g
b101 h
b0 i
bx j

#19870000
0!

#19875000
1!
1+
04
b0 :
0E
b0 K
0S
0g
b1000 j

#19880000
0!

#19885000
1!
1%
1)
0+
1,
1/
1C
1D

#19890000
0!

#19895000
1!

#19896000
0,

#19900000
0!
b100000101000100 #
1$
b10 &
1(
0/

#19905000
1!
0%
0)
1<
b100000101000100 =
1>
b10 ?
0D

#19906000
0$
0(

#19910000
0!

#19915000
1!
14
b100000101000100 6
b10 7
bx :
0<
0>
0C
1E
b100000101000100 G
b10 H
bx K
1S
b1010001 b
b1010101000100000000000000000110 c
b1010001 e
1g
b1 i
bx j

#19920000
0!

#19925000
1!
1+
04
b0 :
0E
b0 K
0S
0g
b10 j

#19930000
0!

#19935000
1!
1%
1)
0+
1,
1/
1C
1D

#19940000
0!

#19945000
1!

#19946000
0,

#19950000
0!
b100000101001000 #
1$
b101 &
1(
0/

#19955000
1!
0%
0)
1<
b100000101001000 =
1>
b101 ?
0D

#19956000
0$
0(

#19960000
0!

#19965000
1!
14
b100000101001000 6
b101 7
bx :
0<
0>
0C
1E
b100000101001000 G
b101 H
bx K
1S
b1010010 b
b1110110001101010000000000000000 c
b1010010 e
1g
b10 i
bx j

#19970000
0!

#19975000
1!
1+
04
b0 :
0E
b0 K
0S
0g
b101 j

#19980000
0!

#19985000
1!
1%
1)
0+
1,
1/
1C
1D

#19990000
0!

#19995000
1!

#19996000
0,

#20000000
0!
b100000101001100 #
1$
b1000 &
1(
0/

#20005000
1!
0%
0)
1<
b100000101001100 =
1>
b1000 ?
0D

#20006000
0$
0(

#20010000
0!

#20015000
1!
14
b100000101001100 6
b1000 7
bx :
0<
0>
0C
1E
b100000101001100 G
b1000 H
bx K
1S
b1010011 b
b10011001000000000000000000111 c
b1010011 e
1g
b11 i
bx j

#20020000
0!

#20025000
1!
1+
04
b0 :
0E
b0 K
0S
0g
b1000 j

#20030000
0!

#20035000
1!
1%
1)
0+
1,
1/
1C
1D

#20040000
0!

#20045000
1!

#20046000
0,

#20050000
0!
b100000101010000 #
1$
b10 &
1(
0/

#20055000
1!
0%
0)
1<
b100000101010000 =
1>
b10 ?
0D

#20056000
0$
0(

#20060000
0!

#20065000
1!
14
b100000101010000 6
b10 7
bx :
0<
0>
0C
1E
b100000101010000 G
b10 H
bx K
1S
b1010100 b
b1010101000100000000000000000111 c
b1010100 e
1g
b100 i
bx j

#20070000
0!

#20075000
1!
1+
04
b0 :
0E
b0 K
0S
0g
b10 j

#20080000
0!

#20085000
1!
1%
1)
0+
1,
1/
1C
1D

#20090000
0!

#20095000
1!

#20096000
0,

#20100000
0!
b100000101010100 #
1$
b101 &
1(
0/

#20105000
1!
0%
0)
1<
b100000101010100 =
1>
b101 ?
0D

#20106000
0$
0(

#20110000
0!

#20115000
1!
14
b100000101010100 6
b101 7
bx :
0<
0>
0C
1E
b100000101010100 G
b101 H
bx K
1S
b1010101 b
b1110110001101010000000000000000 c
b1010101 e
1g
b101 i
bx j

#20120000
0!

#20125000
1!
1+
04
b0 :
0E
b0 K
0S
0g
b101 j

#20130000
0!

#20135000
1!
1%
1)
0+
1,
1/
1C
1D

#20140000
0!

#20145000
1!

#20146000
0,

#20150000
0!
b100000101011000 #
1$
b1000 &
1(
0/

#20155000
1!
0%
0)
1<
b100000101011000 =
1>
b1000 ?
0D

#20156000
0$
0(

#20160000
0!

#20165000
1!
14
b100000101011000 6
b1000 7
bx :
0<
0>
0C
1E
b100000101011000 G
b1000 H
bx K
1S
b1010110 b
b110001000100000001001000000000 c
b1010110 e
1g
b110 i
bx j

#20170000
0!

#20175000
1!
1+
04
b0 :
0E
b0 K
0S
0g
b1000 j

#20180000
0!

#20185000
1!
1%
1)
0+
1,
1/
1C
1D

#20190000
0!

#20195000
1!

#20196000
0,

#20200000
0!
b100000101011100 #
1$
b10 &
1(
0/

#20205000
1!
0%
0)
1<
b100000101011100 =
1>
b10 ?
0D

#20206000
0$
0(

#20210000
0!

#20215000
1!
14
b100000101011100 6
b10 7
bx :
0<
0>
0C
1E
b100000101011100 G
b10 H
bx K
1S
b1010111 b
b1100000000101100000000000000000 c
b1010111 e
1g
b111 i
bx j

#20220000
0!

#20225000
1!
1+
04
b0 :
0E
b0 K
0S
0g
b10 j

#20230000
0!

#20235000
1!
1%
1)
0+
1,
1/
1C
1D

#20240000
0!

#20245000
1!

#20246000
0,

#20250000
0!
b100000101100000 #
1$
b0 &
1(
0/

#20255000
1!
0%
0)
1<
b100000101100000 =
1>
b0 ?
0D

#20256000
0$
0(

#20260000
0!

#20265000
1!
14
b100000101100000 6
b0 7
bx :
0<
0>
0C
1E
b100000101100000 G
b0 H
bx K
1S
b1011000 b
b110010001000000001100000000000 c
b1011000 e
1g
b1000 i
bx j

#20270000
0!

#20275000
1!
1+
04
b0 :
0E
b0 K
0S
0g
b0 j

#20280000
0!

#20285000
1!
1%
1)
0+
1,
1/
1C
1D

#20290000
0!

#20295000
1!

#20296000
0,

#20300000
0!
b100000101100100 #
1$
1(
0/

#20305000
1!
0%
0)
1<
b100000101100100 =
1>
0D

#20306000
0$
0(

#20310000
0!

#20315000
1!
14
b100000101100100 6
bx :
0<
0>
0C
1E
b100000101100100 G
bx K
1S
b1011001 b
b110001000100000000000000000000 c
b1011001 e
1g
b1001 i
bx j

#20320000
0!

#20325000
1!
1+
04
b0 :
0E
b0 K
0S
0g
b0 j

#20330000
0!

#20335000
1!
1%
1)
0+
1,
1/
1C
1D

#20340000
0!

#20345000
1!

#20346000
0,

#20350000
0!
b100000101101000 #
1$
1(
0/

#20355000
1!
0%
0)
1<
b100000101101000 =
1>
0D

#20356000
0$
0(

#20360000
0!

#20365000
1!
14
b100000101101000 6
bx :
0<
0>
0C
1E
b100000101101000 G
bx K
1S
b1011010 b
b1110110000001010000000010000000 c
b1011010 e
1g
b1010 i
bx j

#20370000
0!

#20375000
1!
1+
04
b0 :
0E
b0 K
0S
0g
b0 j

#20380000
0!

#20385000
1!
1%
1)
0+
1,
1/
1C
1D

#20390000
0!

#20395000
1!

#20396000
0,

#20400000
0!
b100000101101100 #
1$
1(
0/

#20405000
1!
0%
0)
1<
b100000101101100 =
1>
0D

#20406000
0$
0(

#20410000
0!

#20415000
1!
14
b100000101101100 6
bx :
0<
0>
0C
1E
b100000101101100 G
bx K
1S
b1011011 b
b10011001000000000000000000000 c
b1011011 e
1g
b1011 i
bx j

#20420000
0!

#20425000
1!
1+
04
b0 :
0E
b0 K
0S
0g
b0 j

#20430000
0!

#20435000
1!
1%
1)
0+
1,
1/
1C
1D

#20440000
0!

#20445000
1!

#20446000
0,

#20450000
0!
b100000101110000 #
1$
1(
0/

#20455000
1!
0%
0)
1<
b100000101110000 =
1>
0D

#20456000
0$
0(

#20460000
0!

#20465000
1!
14
b100000101110000 6
bx :
0<
0>
0C
1E
b100000101110000 G
bx K
1S
b1011100 b
b1010101000100000000000000000000 c
b1011100 e
1g
b1100 i
bx j

#20470000
0!

#20475000
1!
1+
04
b0 :
0E
b0 K
0S
0g
b0 j

#20480000
0!

#20485000
1!
1%
1)
0+
1,
1/
1C
1D

#20490000
0!

#20495000
1!

#20496000
0,

#20500000
0!
b100000101110100 #
1$
1(
0/

#20505000
1!
0%
0)
1<
b100000101110100 =
1>
0D

#20506000
0$
0(

#20510000
0!

#20515000
1!
14
b100000101110100 6
bx :
0<
0>
0C
1E
b100000101110100 G
bx K
1S
b1011101 b
b1110110001101010000000000000000 c
b1011101 e
1g
b1101 i
bx j

#20520000
0!

#20525000
1!
1+
04
b0 :
0E
b0 K
0S
0g
b0 j

#20530000
0!

#20535000
1!
1%
1)
0+
1,
1/
1C
1D

#20540000
0!

#20545000
1!

#20546000
0,

#20550000
0!
b100000101111000 #
1$
1(
0/

#20555000
1!
0%
0)
1<
b100000101111000 =
1>
0D

#20556000
0$
0(

#20560000
0!

#20565000
1!
14
b100000101111000 6
bx :
0<
0>
0C
1E
b100000101111000 G
bx K
1S
b1011110 b
b10011001000000000000000000001 c
b1011110 e
1g
b1110 i
bx j

#20570000
0!

#20575000
1!
1+
04
b0 :
0E
b0 K
0S
0g
b0 j

#20580000
0!

#20585000
1!
1%
1)
0+
1,
1/
1C
1D

#20590000
0!

#20595000
1!

#20596000
0,

#20600000
0!
b100000101111100 #
1$
1(
0/

#20605000
1!
0%
0)
1<
b100000101111100 =
1>
0D

#20606000
0$
0(

#20610000
0!

#20615000
1!
14
b100000101111100 6
bx :
0<
0>
0C
1E
b100000101111100 G
bx K
1S
b1011111 b
b1010101000100000000000000000001 c
b1011111 e
1g
b1111 i
bx j

#20620000
0!

#20625000
1!
1+
04
b0 :
0E
b0 K
0S
0g
b0 j

#20630000
0!

#20635000
1!
1%
1)
0+
1,
1/
1C
1D

#20640000
0!

#20645000
1!

#20646000
0,

#20650000
0!
b100000110000000 #
1$
b100 &
1(
0/

#20655000
1!
0%
0)
1<
b100000110000000 =
1>
b100 ?
0D

#20656000
0$
0(

#20660000
0!

#20665000
1!
14
b100000110000000 6
b100 7
bx :
0<
0>
0C
1E
b100000110000000 G
b100 H
bx K
1S
b1100000 b
b1110110001101010000000000000000 c
b1100000 e
1g
b110 h
b0 i
bx j

#20670000
0!

#20675000
1!
1+
04
b0 :
0E
b0 K
0S
0g
b100 j

#20680000
0!

#20685000
1!
1%
1)
0+
1,
1/
1C
1D

#20690000
0!

#20695000
1!

#20696000
0,

#20700000
0!
b100000110000100 #
1$
b111 &
1(
0/

#20705000
1!
0%
0)
1<
b100000110000100 =
1>
b111 ?
0D

#20706000
0$
0(

#20710000
0!

#20715000
1!
14
b100000110000100 6
b111 7
bx :
0<
0>
0C
1E
b100000110000100 G
b111 H
bx K
1S
b1100001 b
b10011001000000000000000000010 c
b1100001 e
1g
b1 i
bx j

#20720000
0!

#20725000
1!
1+
04
b0 :
0E
b0 K
0S
0g
b111 j

#20730000
0!

#20735000
1!
1%
1)
0+
1,
1/
1C
1D

#20740000
0!

#20745000
1!

#20746000
0,

#20750000
0!
b100000110001000 #
1$
b1 &
1(
0/

#20755000
1!
0%
0)
1<
b100000110001000 =
1>
b1 ?
0D

#20756000
0$
0(

#20760000
0!

#20765000
1!
14
b100000110001000 6
b1 7
bx :
0<
0>
0C
1E
b100000110001000 G
b1 H
bx K
1S
b1100010 b
b1010101000100000000000000000010 c
b1100010 e
1g
b10 i
bx j

#20770000
0!

#20775000
1!
1+
04
b0 :
0E
b0 K
0S
0g
b1 j

#20780000
0!

#20785000
1!
1%
1)
0+
1,
1/
1C
1D

#20790000
0!

#20795000
1!

#20796000
0,

#20800000
0!
b100000110001100 #
1$
b100 &
1(
0/

#20805000
1!
0%
0)
1<
b100000110001100 =
1>
b100 ?
0D

#20806000
0$
0(

#20810000
0!

#20815000
1!
14
b100000110001100 6
b100 7
bx :
0<
0>
0C
1E
b100000110001100 G
b100 H
bx K
1S
b1100011 b
b1110110001101010000000000000000 c
b1100011 e
1g
b11 i
bx j

#20820000
0!

#20825000
1!
1+
04
b0 :
0E
b0 K
0S
0g
b100 j

#20830000
0!

#20835000
1!
1%
1)
0+
1,
1/
1C
1D

#20840000
0!

#20845000
1!

#20846000
0,

#20850000
0!
b100000110010000 #
1$
b111 &
1(
0/

#20855000
1!
0%
0)
1<
b100000110010000 =
1>
b111 ?
0D

#20856000
0$
0(

#20860000
0!

#20865000
1!
14
b100000110010000 6
b111 7
bx :
0<
0>
0C
1E
b100000110010000 G
b111 H
bx K
1S
b1100100 b
b10011001000000000000000000011 c
b1100100 e
1g
b100 i
bx j

#20870000
0!

#20875000
1!
1+
04
b0 :
0E
b0 K
0S
0g
b111 j

#20880000
0!

#20885000
1!
1%
1)
0+
1,
1/
1C
1D

#20890000
0!

#20895000
1!

#20896000
0,

#20900000
0!
b100000110010100 #
1$
b1 &
1(
0/

#20905000
1!
0%
0)
1<
b100000110010100 =
1>
b1 ?
0D

#20906000
0$
0(

#20910000
0!

#20915000
1!
14
b100000110010100 6
b1 7
bx :
0<
0>
0C
1E
b100000110010100 G
b1 H
bx K
1S
b1100101 b
b1010101000100000000000000000011 c
b1100101 e
1g
b101 i
bx j

#20920000
0!

#20925000
1!
1+
04
b0 :
0E
b0 K
0S
0g
b1 j

#20930000
0!

#20935000
1!
1%
1)
0+
1,
1/
1C
1D

#20940000
0!

#20945000
1!

#20946000
0,

#20950000
0!
b100000110011000 #
1$
b100 &
1(
0/

#20955000
1!
0%
0)
1<
b100000110011000 =
1>
b100 ?
0D

#20956000
0$
0(

#20960000
0!

#20965000
1!
14
b100000110011000 6
b100 7
bx :
0<
0>
0C
1E
b100000110011000 G
b100 H
bx K
1S
b1100110 b
b1110110001101010000000000000000 c
b1100110 e
1g
b110 i
bx j

#20970000
0!

#20975000
1!
1+
04
b0 :
0E
b0 K
0S
0g
b100 j

#20980000
0!

#20985000
1!
1%
1)
0+
1,
1/
1C
1D

#20990000
0!

#20995000
1!

#20996000
0,

#21000000
0!
b100000110011100 #
1$
b111 &
1(
0/

#21005000
1!
0%
0)
1<
b100000110011100 =
1>
b111 ?
0D

#21006000
0$
0(

#21010000
0!

#21015000
1!
14
b100000110011100 6
b111 7
bx :
0<
0>
0C
1E
b100000110011100 G
b111 H
bx K
1S
b1100111 b
b10011001000000000000000000100 c
b1100111 e
1g
b111 i
bx j

#21020000
0!

#21025000
1!
1+
04
b0 :
0E
b0 K
0S
0g
b111 j

#21030000
0!

#21035000
1!
1%
1)
0+
1,
1/
1C
1D

#21040000
0!

#21045000
1!

#21046000
0,

#21050000
0!
b100000110100000 #
1$
b0 &
1(
0/

#21055000
1!
0%
0)
1<
b100000110100000 =
1>
b0 ?
0D

#21056000
0$
0(

#21060000
0!

#21065000
1!
14
b100000110100000 6
b0 7
bx :
0<
0>
0C
1E
b100000110100000 G
b0 H
bx K
1S
b1101000 b
b1010101000100000000000000000100 c
b1101000 e
1g
b1000 i
bx j

#21070000
0!

#21075000
1!
1+
04
b0 :
0E
b0 K
0S
0g
b0 j

#21080000
0!

#21085000
1!
1%
1)
0+
1,
1/
1C
1D

#21090000
0!

#21095000
1!

#21096000
0,

#21100000
0!
b100000110100100 #
1$
1(
0/

#21105000
1!
0%
0)
1<
b100000110100100 =
1>
0D

#21106000
0$
0(

#21110000
0!

#21115000
1!
14
b100000110100100 6
bx :
0<
0>
0C
1E
b100000110100100 G
bx K
1S
b1101001 b
b1110110001101010000000000000000 c
b1101001 e
1g
b1001 i
bx j

#21120000
0!

#21125000
1!
1+
04
b0 :
0E
b0 K
0S
0g
b0 j

#21130000
0!

#21135000
1!
1%
1)
0+
1,
1/
1C
1D

#21140000
0!

#21145000
1!

#21146000
0,

#21150000
0!
b100000110101000 #
1$
1(
0/

#21155000
1!
0%
0)
1<
b100000110101000 =
1>
0D

#21156000
0$
0(

#21160000
0!

#21165000
1!
14
b100000110101000 6
bx :
0<
0>
0C
1E
b100000110101000 G
bx K
1S
b1101010 b
b10011001000000000000000000101 c
b1101010 e
1g
b1010 i
bx j

#21170000
0!

#21175000
1!
1+
04
b0 :
0E
b0 K
0S
0g
b0 j

#21180000
0!

#21185000
1!
1%
1)
0+
1,
1/
1C
1D

#21190000
0!

#21195000
1!

#21196000
0,

#21200000
0!
b100000110101100 #
1$
1(
0/

#21205000
1!
0%
0)
1<
b100000110101100 =
1>
0D

#21206000
0$
0(

#21210000
0!

#21215000
1!
14
b100000110101100 6
bx :
0<
0>
0C
1E
b100000110101100 G
bx K
1S
b1101011 b
b1010101000100000000000000000101 c
b1101011 e
1g
b1011 i
bx j

#21220000
0!

#21225000
1!
1+
04
b0 :
0E
b0 K
0S
0g
b0 j

#21230000
0!

#21235000
1!
1%
1)
0+
1,
1/
1C
1D

#21240000
0!

#21245000
1!

#21246000
0,

#21250000
0!
b100000110110000 #
1$
1(
0/

#21255000
1!
0%
0)
1<
b100000110110000 =
1>
0D

#21256000
0$
0(

#21260000
0!

#21265000
1!
14
b100000110110000 6
bx :
0<
0>
0C
1E
b100000110110000 G
bx K
1S
b1101100 b
b1110110001101010000000000000000 c
b1101100 e
1g
b1100 i
bx j

#21270000
0!

#21275000
1!
1+
04
b0 :
0E
b0 K
0S
0g
b0 j

#21280000
0!

#21285000
1!
1%
1)
0+
1,
1/
1C
1D

#21290000
0!

#21295000
1!

#21296000
0,

#21300000
0!
b100000110110100 #
1$
1(
0/

#21305000
1!
0%
0)
1<
b100000110110100 =
1>
0D

#21306000
0$
0(

#21310000
0!

#21315000
1!
14
b100000110110100 6
bx :
0<
0>
0C
1E
b100000110110100 G
bx K
1S
b1101101 b
b10011001000000000000000000110 c
b1101101 e
1g
b1101 i
bx j

#21320000
0!

#21325000
1!
1+
04
b0 :
0E
b0 K
0S
0g
b0 j

#21330000
0!

#21335000
1!
1%
1)
0+
1,
1/
1C
1D

#21340000
0!

#21345000
1!

#21346000
0,

#21350000
0!
b100000110111000 #
1$
1(
0/

#21355000
1!
0%
0)
1<
b100000110111000 =
1>
0D

#21356000
0$
0(

#21360000
0!

#21365000
1!
14
b100000110111000 6
bx :
0<
0>
0C
1E
b100000110111000 G
bx K
1S
b1101110 b
b1010101000100000000000000000110 c
b1101110 e
1g
b1110 i
bx j

#21370000
0!

#21375000
1!
1+
04
b0 :
0E
b0 K
0S
0g
b0 j

#21380000
0!

#21385000
1!
1%
1)
0+
1,
1/
1C
1D

#21390000
0!

#21395000
1!

#21396000
0,

#21400000
0!
b100000110111100 #
1$
1(
0/

#21405000
1!
0%
0)
1<
b100000110111100 =
1>
0D

#21406000
0$
0(

#21410000
0!

#21415000
1!
14
b100000110111100 6
bx :
0<
0>
0C
1E
b100000110111100 G
bx K
1S
b1101111 b
b1110110001101010000000000000000 c
b1101111 e
1g
b1111 i
bx j

#21420000
0!

#21425000
1!
1+
04
b0 :
0E
b0 K
0S
0g
b0 j

#21430000
0!

#21435000
1!
1%
1)
0+
1,
1/
1C
1D

#21440000
0!

#21445000
1!

#21446000
0,

#21450000
0!
b100000111000000 #
1$
b1001 &
1(
0/

#21455000
1!
0%
0)
1<
b100000111000000 =
1>
b1001 ?
0D

#21456000
0$
0(

#21460000
0!

#21465000
1!
14
b100000111000000 6
b1001 7
bx :
0<
0>
0C
1E
b100000111000000 G
b1001 H
bx K
1S
b1110000 b
b10011001000000000000000000111 c
b1110000 e
1g
b111 h
b0 i
bx j

#21470000
0!

#21475000
1!
1+
04
b0 :
0E
b0 K
0S
0g
b1001 j

#21480000
0!

#21485000
1!
1%
1)
0+
1,
1/
1C
1D

#21490000
0!

#21495000
1!

#21496000
0,

#21500000
0!
b100000111000100 #
1$
b11 &
1(
0/

#21505000
1!
0%
0)
1<
b100000111000100 =
1>
b11 ?
0D

#21506000
0$
0(

#21510000
0!

#21515000
1!
14
b100000111000100 6
b11 7
bx :
0<
0>
0C
1E
b100000111000100 G
b11 H
bx K
1S
b1110001 b
b1010101000100000000000000000111 c
b1110001 e
1g
b1 i
bx j

#21520000
0!

#21525000
1!
1+
04
b0 :
0E
b0 K
0S
0g
b11 j

#21530000
0!

#21535000
1!
1%
1)
0+
1,
1/
1C
1D

#21540000
0!

#21545000
1!

#21546000
0,

#21550000
0!
b100000111001000 #
1$
b110 &
1(
0/

#21555000
1!
0%
0)
1<
b100000111001000 =
1>
b110 ?
0D

#21556000
0$
0(

#21560000
0!

#21565000
1!
14
b100000111001000 6
b110 7
bx :
0<
0>
0C
1E
b100000111001000 G
b110 H
bx K
1S
b1110010 b
b1110110001101010000000000000000 c
b1110010 e
1g
b10 i
bx j

#21570000
0!

#21575000
1!
1+
04
b0 :
0E
b0 K
0S
0g
b110 j

#21580000
0!

#21585000
1!
1%
1)
0+
1,
1/
1C
1D

#21590000
0!

#21595000
1!

#21596000
0,

#21600000
0!
b100000111001100 #
1$
b1001 &
1(
0/

#21605000
1!
0%
0)
1<
b100000111001100 =
1>
b1001 ?
0D

#21606000
0$
0(

#21610000
0!

#21615000
1!
14
b100000111001100 6
b1001 7
bx :
0<
0>
0C
1E
b100000111001100 G
b1001 H
bx K
1S
b1110011 b
b110001000100000001001100000000 c
b1110011 e
1g
b11 i
bx j

#21620000
0!

#21625000
1!
1+
04
b0 :
0E
b0 K
0S
0g
b1001 j

#21630000
0!

#21635000
1!
1%
1)
0+
1,
1/
1C
1D

#21640000
0!

#21645000
1!

#21646000
0,

#21650000
0!
b100000111010000 #
1$
b11 &
1(
0/

#21655000
1!
0%
0)
1<
b100000111010000 =
1>
b11 ?
0D

#21656000
0$
0(

#21660000
0!

#21665000
1!
14
b100000111010000 6
b11 7
bx :
0<
0>
0C
1E
b100000111010000 G
b11 H
bx K
1S
b1110100 b
b1100000000101100000000000000000 c
b1110100 e
1g
b100 i
bx j

#21670000
0!

#21675000
1!
1+
04
b0 :
0E
b0 K
0S
0g
b11 j

#21680000
0!

#21685000
1!
1%
1)
0+
1,
1/
1C
1D

#21690000
0!

#21695000
1!

#21696000
0,

#21700000
0!
b100000111010100 #
1$
b110 &
1(
0/

#21705000
1!
0%
0)
1<
b100000111010100 =
1>
b110 ?
0D

#21706000
0$
0(

#21710000
0!

#21715000
1!
14
b100000111010100 6
b110 7
bx :
0<
0>
0C
1E
b100000111010100 G
b110 H
bx K
1S
b1110101 b
b110010001000000010000000000000 c
b1110101 e
1g
b101 i
bx j

#21720000
0!

#21725000
1!
1+
04
b0 :
0E
b0 K
0S
0g
b110 j

#21730000
0!

#21735000
1!
1%
1)
0+
1,
1/
1C
1D

#21740000
0!

#21745000
1!

#21746000
0,

#21750000
0!
b100000111011000 #
1$
b1001 &
1(
0/

#21755000
1!
0%
0)
1<
b100000111011000 =
1>
b1001 ?
0D

#21756000
0$
0(

#21760000
0!

#21765000
1!
14
b100000111011000 6
b1001 7
bx :
0<
0>
0C
1E
b100000111011000 G
b1001 H
bx K
1S
b1110110 b
b110001000100000000000000000000 c
b1110110 e
1g
b110 i
bx j

#21770000
0!

#21775000
1!
1+
04
b0 :
0E
b0 K
0S
0g
b1001 j

#21780000
0!

#21785000
1!
1%
1)
0+
1,
1/
1C
1D

#21790000
0!

#21795000
1!

#21796000
0,

#21800000
0!
b100000111011100 #
1$
b11 &
1(
0/

#21805000
1!
0%
0)
1<
b100000111011100 =
1>
b11 ?
0D

#21806000
0$
0(

#21810000
0!

#21815000
1!
14
b100000111011100 6
b11 7
bx :
0<
0>
0C
1E
b100000111011100 G
b11 H
bx K
1S
b1110111 b
b1110110000001010000000010000000 c
b1110111 e
1g
b111 i
bx j

#21820000
0!

#21825000
1!
1+
04
b0 :
0E
b0 K
0S
0g
b11 j

#21830000
0!

#21835000
1!
1%
1)
0+
1,
1/
1C
1D

#21840000
0!

#21845000
1!

#21846000
0,

#21850000
0!
b100000111100000 #
1$
b0 &
1(
0/

#21855000
1!
0%
0)
1<
b100000111100000 =
1>
b0 ?
0D

#21856000
0$
0(

#21860000
0!

#21865000
1!
14
b100000111100000 6
b0 7
bx :
0<
0>
0C
1E
b100000111100000 G
b0 H
bx K
1S
b1111000 b
b10011001000000000000000000000 c
b1111000 e
1g
b1000 i
bx j

#21870000
0!

#21875000
1!
1+
04
b0 :
0E
b0 K
0S
0g
b0 j

#21880000
0!

#21885000
1!
1%
1)
0+
1,
1/
1C
1D

#21890000
0!

#21895000
1!

#21896000
0,

#21900000
0!
b100000111100100 #
1$
1(
0/

#21905000
1!
0%
0)
1<
b100000111100100 =
1>
0D

#21906000
0$
0(

#21910000
0!

#21915000
1!
14
b100000111100100 6
bx :
0<
0>
0C
1E
b100000111100100 G
bx K
1S
b1111001 b
b1010101000100000000000000000000 c
b1111001 e
1g
b1001 i
bx j

#21920000
0!

#21925000
1!
1+
04
b0 :
0E
b0 K
0S
0g
b0 j

#21930000
0!

#21935000
1!
1%
1)
0+
1,
1/
1C
1D

#21940000
0!

#21945000
1!

#21946000
0,

#21950000
0!
b100000111101000 #
1$
1(
0/

#21955000
1!
0%
0)
1<
b100000111101000 =
1>
0D

#21956000
0$
0(

#21960000
0!

#21965000
1!
14
b100000111101000 6
bx :
0<
0>
0C
1E
b100000111101000 G
bx K
1S
b1111010 b
b1110110001101010000000000000000 c
b1111010 e
1g
b1010 i
bx j

#21970000
0!

#21975000
1!
1+
04
b0 :
0E
b0 K
0S
0g
b0 j

#21980000
0!

#21985000
1!
1%
1)
0+
1,
1/
1C
1D

#21990000
0!

#21995000
1!

#21996000
0,

#22000000
0!
b100000111101100 #
1$
1(
0/

#22005000
1!
0%
0)
1<
b100000111101100 =
1>
0D

#22006000
0$
0(

#22010000
0!

#22015000
1!
14
b100000111101100 6
bx :
0<
0>
0C
1E
b100000111101100 G
bx K
1S
b1111011 b
b10011001000000000000000000001 c
b1111011 e
1g
b1011 i
bx j

#22020000
0!

#22025000
1!
1+
04
b0 :
0E
b0 K
0S
0g
b0 j

#22030000
0!

#22035000
1!
1%
1)
0+
1,
1/
1C
1D

#22040000
0!

#22045000
1!

#22046000
0,

#22050000
0!
b100000111110000 #
1$
1(
0/

#22055000
1!
0%
0)
1<
b100000111110000 =
1>
0D

#22056000
0$
0(

#22060000
0!

#22065000
1!
14
b100000111110000 6
bx :
0<
0>
0C
1E
b100000111110000 G
bx K
1S
b1111100 b
b1010101000100000000000000000001 c
b1111100 e
1g
b1100 i
bx j

#22070000
0!

#22075000
1!
1+
04
b0 :
0E
b0 K
0S
0g
b0 j

#22080000
0!

#22085000
1!
1%
1)
0+
1,
1/
1C
1D

#22090000
0!

#22095000
1!

#22096000
0,

#22100000
0!
b100000111110100 #
1$
1(
0/

#22105000
1!
0%
0)
1<
b100000111110100 =
1>
0D

#22106000
0$
0(

#22110000
0!

#22115000
1!
14
b100000111110100 6
bx :
0<
0>
0C
1E
b100000111110100 G
bx K
1S
b1111101 b
b1110110001101010000000000000000 c
b1111101 e
1g
b1101 i
bx j

#22120000
0!

#22125000
1!
1+
04
b0 :
0E
b0 K
0S
0g
b0 j

#22130000
0!

#22135000
1!
1%
1)
0+
1,
1/
1C
1D

#22140000
0!

#22145000
1!

#22146000
0,

#22150000
0!
b100000111111000 #
1$
1(
0/

#22155000
1!
0%
0)
1<
b100000111111000 =
1>
0D

#22156000
0$
0(

#22160000
0!

#22165000
1!
14
b100000111111000 6
bx :
0<
0>
0C
1E
b100000111111000 G
bx K
1S
b1111110 b
b10011001000000000000000000010 c
b1111110 e
1g
b1110 i
bx j

#22170000
0!

#22175000
1!
1+
04
b0 :
0E
b0 K
0S
0g
b0 j

#22180000
0!

#22185000
1!
1%
1)
0+
1,
1/
1C
1D

#22190000
0!

#22195000
1!

#22196000
0,

#22200000
0!
b100000111111100 #
1$
1(
0/

#22205000
1!
0%
0)
1<
b100000111111100 =
1>
0D

#22206000
0$
0(

#22210000
0!

#22215000
1!
14
b100000111111100 6
bx :
0<
0>
0C
1E
b100000111111100 G
bx K
1S
b1111111 b
b1010101000100000000000000000010 c
b1111111 e
1g
b1111 i
bx j

#22220000
0!

#22225000
1!
1+
04
b0 :
0E
b0 K
0S
0g
b0 j

#22230000
0!

#22235000
1!
1%
1)
0+
1,
1/
1C
1D

#22240000
0!

#22245000
1!

#22246000
0,

#22250000
0!
b0 #
1$
0/

#22255000
1!
0%
1<
b0 =
0D

#22256000
0$

#22260000
0!

#22265000
1!

#22270000
0!
b1 &
b1 '
1(

#22275000
1!
0)
1>
b1 ?
b1 @

#22276000
0(

#22280000
0!

#22285000
1!
14
b0 6
b1 7
b1 8
0<
0>
0C
1E
b0 G
b1 H
b1 I
1S
1U
0\
0]
1^
b0 b
b111111111100000000100000000000 c
b0 e
b1 f
b0 h
b0 i
b1 j

#22290000
0!

#22295000
1!
1+
04
0E
b1 M
0S
0^
0`

#22300000
0!

#22305000
1!
1%
1)
0+
1,
1/
1C
1D
b10 M
1N

#22310000
0!

#22315000
1!
b1 P
b1 Q

#22316000
0,

#22320000
0!
b100 -
1.

#22325000
1!
0%
0)
0/
1A
b100 B
0C
b10 P
b10 Q

#22326000
0.

#22330000
0!

#22335000
1!
14
05
b100 6
b0 7
b0 8
b10 :
0A
0D
1E
0F
b100 G
b0 H
b0 I
b10 K
b11 P
b11 Q
1S
0U
1V
b1 b
b110010001000000000000000000000 c
b1 e
b11 f
b1 i
b100 j

#22340000
0!

#22345000
1!
b10 0
12
04
b0 :
0E
b0 K
b100 P
b100 Q
0S

#22350000
0!

#22355000
1!
1%
1)
1/
02
13
1C
1D
b101 P
b101 Q

#22360000
0!

#22365000
1!
b110 P
b110 Q

#22366000
03

#22370000
0!
b11011110101011011011111011101111 &
b1111 '
1(
0/

#22375000
1!
0)
1>
b11011110101011011011111011101111 ?
b1111 @
0D
b111 P
b111 Q

#22376000
0(

#22380000
0!

#22385000
1!
b1000 P
b1000 Q

#22390000
0!
b1000000000000 #
1$

#22395000
1!
0%
1<
b1000000000000 =
b1001 P
b1001 Q

#22396000
0$

#22400000
0!

#22405000
1!
14
15
b1000000000000 6
b11011110101011011011111011101111 7
b1111 8
1;
0<
0>
0C
1E
1F
b1000000000000 G
b11011110101011011011111011101111 H
b1111 I
1L
b1010 P
b1010 Q
1S
0V
1Z
1]
b0 b
b111111111100000000100000000000 c
b0 e
b1 f
b1000000 h
b0 i
bx j

#22410000
0!

#22415000
1!
b10 *
1+
04
0;
0E
0L
b1011 P
b1011 Q
1R
0S

#22420000
0!

#22425000
1!
1%
1)
0+
1,
1/
1C
1D
b1100 P
b1100 Q

#22430000
0!

#22435000
1!
b1101 P
b1101 Q

#22436000
0,

#22440000
0!
b100000000000000 -
1.

#22445000
1!
0%
0)
0/
1A
b100000000000000 B
0C
b1110 P
b1110 Q

#22446000
0.

#22450000
0!

#22455000
1!
14
05
b100000000000000 6
b0 7
b0 8
1;
0A
0D
1E
0F
b100000000000000 G
b0 H
b0 I
1L
b1111 P
b1111 Q
1S
0Z
1\
b0 h
b1 j

#22460000
0!

#22465000
1!
b0 0
b10 1
12
04
0;
0E
0L
b10000 P
b10000 Q
0S

#22470000
0!

#22475000
1!
1%
1)
1/
02
13
1C
1D
b10001 P
b10001 Q

#22480000
0!

#22485000
1!
b10010 P
b10010 Q

#22486000
03

#22490000
0!
b0 #
1$
b1 &
b1 '
1(
0/

#22495000
1!
0%
0)
1<
b0 =
1>
b1 ?
b1 @
0D
b10011 P
b10011 Q

#22496000
0$
0(

#22500000
0!

#22505000
1!
14
15
b0 6
b1 7
b1 8
1;
0<
0>
0C
1E
1F
b0 G
b1 H
b1 I
1L
b10100 P
b10100 Q
1S
1U
0\
0]

#22510000
0!

#22515000
1!
1+
04
0;
0E
0L
b10101 P
b10101 Q
0S

#22520000
0!

#22525000
1!
1%
1)
0+
1,
1/
1C
1D
b10110 P
b10110 Q

#22530000
0!

#22535000
1!
b10111 P
b10111 Q

#22536000
0,

#22540000
0!
b100 -
1.

#22545000
1!
0%
0)
0/
1A
b100 B
0C
b11000 P
b11000 Q

#22546000
0.

#22550000
0!

#22555000
1!
14
05
b100 6
b0 7
b0 8
b1010 :
0A
0D
1E
0F
b100 G
b0 H
b0 I
b1010 K
b11001 P
b11001 Q
1S
0U
1V
b1 b
b110010001000000000000000000000 c
b1 e
b11 f
b1 i
b100 j

#22560000
0!

#22565000
1!
b1010 0
b0 1
12
04
b0 :
0E
b0 K
b11010 P
b11010 Q
0S

#22570000
0!

#22575000
1!
1%
1)
1/
02
13
1C
1D
b11011 P
b11011 Q

#22580000
0!

#22585000
1!
b11100 P
b11100 Q

#22586000
03

#22590000
0!
1.

#22595000
1!
0%
0)
0/
1A
0C
b11101 P
b11101 Q

#22596000
0.

#22600000
0!

#22605000
1!
14
b1010 :
0A
0D
1E
b1010 K
b11110 P
b11110 Q
1S

#22610000
0!

#22615000
1!
12
04
b0 :
0E
b0 K
b11111 P
b11111 Q
0S

#22620000
0!

#22625000
1!
1%
1)
1/
02
13
1C
1D
b100000 P
b100000 Q

#22630000
0!

#22635000
1!
b100001 P
b100001 Q

#22636000
03

#22640000
0!
1.

#22645000
1!
0%
0)
0/
1A
0C
b100010 P
b100010 Q

#22646000
0.

#22650000
0!

#22655000
1!
14
b1010 :
0A
0D
1E
b1010 K
b100011 P
b100011 Q
1S

#22660000
0!

#22665000
1!
12
04
b0 :
0E
b0 K
b100100 P
b100100 Q
0S

#22670000
0!

#22675000
1!
1%
1)
1/
02
13
1C
1D
b100101 P
b100101 Q

#22680000
0!

#22685000
1!
b100110 P
b100110 Q

#22686000
03

#22690000
0!
1.

#22695000
1!
0%
0)
0/
1A
0C
b100111 P
b100111 Q

#22696000
0.

#22700000
0!

#22705000
1!
14
b1010 :
0A
0D
1E
b1010 K
b101000 P
b101000 Q
1S

#22710000
0!

#22715000
1!
12
04
b0 :
0E
b0 K
b101001 P
b101001 Q
0S

#22720000
0!

#22725000
1!
1%
1)
1/
02
13
1C
1D
b101010 P
b101010 Q

#22730000
0!

#22735000
1!
b101011 P
b101011 Q

#22736000
03

#22740000
0!
1.

#22745000
1!
0%
0)
0/
1A
0C
b101100 P
b101100 Q

#22746000
0.

#22750000
0!

#22755000
1!
14
b1010 :
0A
0D
1E
b1010 K
b101101 P
b101101 Q
1S

#22760000
0!

#22765000
1!
12
04
b0 :
0E
b0 K
b101110 P
b101110 Q
0S

#22770000
0!

#22775000
1!
1%
1)
1/
02
13
1C
1D
b101111 P
b101111 Q

#22780000
0!

#22785000
1!
b110000 P
b110000 Q

#22786000
03

#22790000
0!
1.

#22795000
1!
0%
0)
0/
1A
0C
b110001 P
b110001 Q

#22796000
0.

#22800000
0!

#22805000
1!
14
b1010 :
0A
0D
1E
b1010 K
b110010 P
b110010 Q
1S

#22810000
0!

#22815000
1!
12
04
b0 :
0E
b0 K
b110011 P
b110011 Q
0S

#22820000
0!

#22825000
1!
1%
1)
1/
02
13
1C
1D
b110100 P
b110100 Q

#22830000
0!

#22835000
1!
b110101 P
b110101 Q

#22836000
03

#22840000
0!
1.

#22845000
1!
0%
0)
0/
1A
0C
b110110 P
b110110 Q

#22846000
0.

#22850000
0!

#22855000
1!
14
b1010 :
0A
0D
1E
b1010 K
b110111 P
b110111 Q
1S

#22860000
0!

#22865000
1!
12
04
b0 :
0E
b0 K
b111000 P
b111000 Q
0S

#22870000
0!

#22875000
1!
1%
1)
1/
02
13
1C
1D
b111001 P
b111001 Q

#22880000
0!

#22885000
1!
b111010 P
b111010 Q

#22886000
03

#22890000
0!
1.

#22895000
1!
0%
0)
0/
1A
0C
b111011 P
b111011 Q

#22896000
0.

#22900000
0!

#22905000
1!
14
b1010 :
0A
0D
1E
b1010 K
b111100 P
b111100 Q
1S

#22910000
0!

#22915000
1!
12
04
b0 :
0E
b0 K
b111101 P
b111101 Q
0S

#22920000
0!

#22925000
1!
1%
1)
1/
02
13
1C
1D
b111110 P
b111110 Q

#22930000
0!

#22935000
1!
b111111 P
b111111 Q

#22936000
03

#22940000
0!
1.

#22945000
1!
0%
0)
0/
1A
0C
b1000000 P
b1000000 Q

#22946000
0.

#22950000
0!

#22955000
1!
14
b1010 :
0A
0D
1E
b1010 K
b1000001 P
b1000001 Q
1S

#22960000
0!

#22965000
1!
12
04
b0 :
0E
b0 K
b1000010 P
b1000010 Q
0S

#22970000
0!

#22975000
1!
1%
1)
1/
02
13
1C
1D
b1000011 P
b1000011 Q

#22980000
0!

#22985000
1!
b1000100 P
b1000100 Q

#22986000
03

#22990000
0!
1.

#22995000
1!
0%
0)
0/
1A
0C
b1000101 P
b1000101 Q

#22996000
0.

#23000000
0!

#23005000
1!
14
b1010 :
0A
0D
1E
b1010 K
b1000110 P
b1000110 Q
1S

#23010000
0!

#23015000
1!
12
04
b0 :
0E
b0 K
b1000111 P
b1000111 Q
0S

#23020000
0!

#23025000
1!
1%
1)
1/
02
13
1C
1D
b1001000 P
b1001000 Q

#23030000
0!

#23035000
1!
b1001001 P
b1001001 Q

#23036000
03

#23040000
0!
1.

#23045000
1!
0%
0)
0/
1A
0C
b1001010 P
b1001010 Q

#23046000
0.

#23050000
0!

#23055000
1!
14
b1010 :
0A
0D
1E
b1010 K
b1001011 P
b1001011 Q
1S

#23060000
0!

#23065000
1!
12
04
b0 :
0E
b0 K
b1001100 P
b1001100 Q
0S

#23070000
0!

#23075000
1!
1%
1)
1/
02
13
1C
1D
b1001101 P
b1001101 Q

#23080000
0!

#23085000
1!
b1001110 P
b1001110 Q

#23086000
03

#23090000
0!
1.

#23095000
1!
0%
0)
0/
1A
0C
b1001111 P
b1001111 Q

#23096000
0.

#23100000
0!

#23105000
1!
14
b1010 :
0A
0D
1E
b1010 K
b1010000 P
b1010000 Q
1S

#23110000
0!

#23115000
1!
12
04
b0 :
0E
b0 K
b1010001 P
b1010001 Q
0S

#23120000
0!

#23125000
1!
1%
1)
1/
02
13
1C
1D
b1010010 P
b1010010 Q

#23130000
0!

#23135000
1!
b1010011 P
b1010011 Q

#23136000
03

#23140000
0!
1.

#23145000
1!
0%
0)
0/
1A
0C
b1010100 P
b1010100 Q

#23146000
0.

#23150000
0!

#23155000
1!
14
b1010 :
0A
0D
1E
b1010 K
b1010101 P
b1010101 Q
1S

#23160000
0!

#23165000
1!
12
04
b0 :
0E
b0 K
b1010110 P
b1010110 Q
0S

#23170000
0!

#23175000
1!
1%
1)
1/
02
13
1C
1D
b1010111 P
b1010111 Q

#23180000
0!

#23185000
1!
b1011000 P
b1011000 Q

#23186000
03

#23190000
0!
1.

#23195000
1!
0%
0)
0/
1A
0C
b1011001 P
b1011001 Q

#23196000
0.

#23200000
0!

#23205000
1!
14
b1010 :
0A
0D
1E
b1010 K
b1011010 P
b1011010 Q
1S

#23210000
0!

#23215000
1!
12
04
b0 :
0E
b0 K
b1011011 P
b1011011 Q
0S

#23220000
0!

#23225000
1!
1%
1)
1/
02
13
1C
1D
b1011100 P
b1011100 Q

#23230000
0!

#23235000
1!
b1011101 P
b1011101 Q

#23236000
03

#23240000
0!
1.

#23245000
1!
0%
0)
0/
1A
0C
b1011110 P
b1011110 Q

#23246000
0.

#23250000
0!

#23255000
1!
14
b1010 :
0A
0D
1E
b1010 K
b1011111 P
b1011111 Q
1S

#23260000
0!

#23265000
1!
12
04
b0 :
0E
b0 K
b1100000 P
b1100000 Q
0S

#23270000
0!

#23275000
1!
1%
1)
1/
02
13
1C
1D
b1100001 P
b1100001 Q

#23280000
0!

#23285000
1!
b1100010 P
b1100010 Q

#23286000
03

#23290000
0!
1.

#23295000
1!
0%
0)
0/
1A
0C
b1100011 P
b1100011 Q

#23296000
0.

#23300000
0!

#23305000
1!
14
b1010 :
0A
0D
1E
b1010 K
b1100100 P
b1100100 Q
1S

#23310000
0!

#23315000
1!
12
04
b0 :
0E
b0 K
b1100101 P
b1100101 Q
0S

#23320000
0!

#23325000
1!
1%
1)
1/
02
13
1C
1D
b1100110 P
b1100110 Q

#23330000
0!

#23335000
1!
b1100111 P
b1100111 Q

#23336000
03

#23340000
0!
1.

#23345000
1!
0%
0)
0/
1A
0C
b1101000 P
b1101000 Q

#23346000
0.

#23350000
0!

#23355000
1!
14
b1010 :
0A
0D
1E
b1010 K
b1101001 P
b1101001 Q
1S

#23360000
0!

#23365000
1!
12
04
b0 :
0E
b0 K
b1101010 P
b1101010 Q
0S

#23370000
0!

#23375000
1!
1%
1)
1/
02
13
1C
1D
b1101011 P
b1101011 Q

#23380000
0!

#23385000
1!
b1101100 P
b1101100 Q

#23386000
03

#23390000
0!
1.

#23395000
1!
0%
0)
0/
1A
0C
b1101101 P
b1101101 Q

#23396000
0.

#23400000
0!

#23405000
1!
14
b1010 :
0A
0D
1E
b1010 K
b1101110 P
b1101110 Q
1S

#23410000
0!

#23415000
1!
12
04
b0 :
0E
b0 K
b1101111 P
b1101111 Q
0S

#23420000
0!

#23425000
1!
1%
1)
1/
02
13
1C
1D
b1110000 P
b1110000 Q

#23430000
0!

#23435000
1!
b1110001 P
b1110001 Q

#23436000
03

#23440000
0!
1.

#23445000
1!
0%
0)
0/
1A
0C
b1110010 P
b1110010 Q

#23446000
0.

#23450000
0!

#23455000
1!
14
b1010 :
0A
0D
1E
b1010 K
b1110011 P
b1110011 Q
1S

#23460000
0!

#23465000
1!
12
04
b0 :
0E
b0 K
b1110100 P
b1110100 Q
0S

#23470000
0!

#23475000
1!
1%
1)
1/
02
13
1C
1D
b1110101 P
b1110101 Q

#23480000
0!

#23485000
1!
b1110110 P
b1110110 Q

#23486000
03

#23490000
0!
1.

#23495000
1!
0%
0)
0/
1A
0C
b1110111 P
b1110111 Q

#23496000
0.

#23500000
0!

#23505000
1!
14
b1010 :
0A
0D
1E
b1010 K
b1111000 P
b1111000 Q
1S

#23510000
0!

#23515000
1!
12
04
b0 :
0E
b0 K
b1111001 P
b1111001 Q
0S

#23520000
0!

#23525000
1!
1%
1)
1/
02
13
1C
1D
b1111010 P
b1111010 Q

#23530000
0!

#23535000
1!
b1111011 P
b1111011 Q

#23536000
03

#23540000
0!
1.

#23545000
1!
0%
0)
0/
1A
0C
b1111100 P
b1111100 Q

#23546000
0.

#23550000
0!

#23555000
1!
14
b1010 :
0A
0D
1E
b1010 K
b1111101 P
b1111101 Q
1S

#23560000
0!

#23565000
1!
12
04
b0 :
0E
b0 K
b1111110 P
b1111110 Q
0S

#23570000
0!

#23575000
1!
1%
1)
1/
02
13
1C
1D
b1111111 P
b1111111 Q

#23580000
0!

#23585000
1!
b10000000 P
b10000000 Q

#23586000
03

#23590000
0!
1.

#23595000
1!
0%
0)
0/
1A
0C
b10000001 P
b10000001 Q

#23596000
0.

#23600000
0!

#23605000
1!
14
b1010 :
0A
0D
1E
b1010 K
b10000010 P
b10000010 Q
1S

#23610000
0!

#23615000
1!
12
04
b0 :
0E
b0 K
b10000011 P
b10000011 Q
0S

#23620000
0!

#23625000
1!
1%
1)
1/
02
13
1C
1D
b10000100 P
b10000100 Q

#23630000
0!

#23635000
1!
b10000101 P
b10000101 Q

#23636000
03

#23640000
0!
1.

#23645000
1!
0%
0)
0/
1A
0C
b10000110 P
b10000110 Q

#23646000
0.

#23650000
0!

#23655000
1!
14
b1010 :
0A
0D
1E
b1010 K
b10000111 P
b10000111 Q
1S

#23660000
0!

#23665000
1!
12
04
b0 :
0E
b0 K
b10001000 P
b10001000 Q
0S

#23670000
0!

#23675000
1!
1%
1)
1/
02
13
1C
1D
b10001001 P
b10001001 Q

#23680000
0!

#23685000
1!
b10001010 P
b10001010 Q

#23686000
03

#23690000
0!
1.

#23695000
1!
0%
0)
0/
1A
0C
b10001011 P
b10001011 Q

#23696000
0.

#23700000
0!

#23705000
1!
14
b1010 :
0A
0D
1E
b1010 K
b10001100 P
b10001100 Q
1S

#23710000
0!

#23715000
1!
12
04
b0 :
0E
b0 K
b10001101 P
b10001101 Q
0S

#23720000
0!

#23725000
1!
1%
1)
1/
02
13
1C
1D
b10001110 P
b10001110 Q

#23730000
0!

#23735000
1!
b10001111 P
b10001111 Q

#23736000
03

#23740000
0!
1.

#23745000
1!
0%
0)
0/
1A
0C
b10010000 P
b10010000 Q

#23746000
0.

#23750000
0!

#23755000
1!
14
b1010 :
0A
0D
1E
b1010 K
b10010001 P
b10010001 Q
1S

#23760000
0!

#23765000
1!
12
04
b0 :
0E
b0 K
b10010010 P
b10010010 Q
0S

#23770000
0!

#23775000
1!
1%
1)
1/
02
13
1C
1D
b10010011 P
b10010011 Q

#23780000
0!

#23785000
1!
b10010100 P
b10010100 Q

#23786000
03

#23790000
0!
1.

#23795000
1!
0%
0)
0/
1A
0C
b10010101 P
b10010101 Q

#23796000
0.

#23800000
0!

#23805000
1!
14
b1010 :
0A
0D
1E
b1010 K
b10010110 P
b10010110 Q
1S

#23810000
0!

#23815000
1!
12
04
b0 :
0E
b0 K
b10010111 P
b10010111 Q
0S

#23820000
0!

#23825000
1!
1%
1)
1/
02
13
1C
1D
b10011000 P
b10011000 Q

#23830000
0!

#23835000
1!
b10011001 P
b10011001 Q

#23836000
03

#23840000
0!
1.

#23845000
1!
0%
0)
0/
1A
0C
b10011010 P
b10011010 Q

#23846000
0.

#23850000
0!

#23855000
1!
14
b1010 :
0A
0D
1E
b1010 K
b10011011 P
b10011011 Q
1S

#23860000
0!

#23865000
1!
12
04
b0 :
0E
b0 K
b10011100 P
b10011100 Q
0S

#23870000
0!

#23875000
1!
1%
1)
1/
02
13
1C
1D
b10011101 P
b10011101 Q

#23880000
0!

#23885000
1!
b10011110 P
b10011110 Q

#23886000
03

#23890000
0!
1.

#23895000
1!
0%
0)
0/
1A
0C
b10011111 P
b10011111 Q

#23896000
0.

#23900000
0!

#23905000
1!
14
b1010 :
0A
0D
1E
b1010 K
b10100000 P
b10100000 Q
1S

#23910000
0!

#23915000
1!
12
04
b0 :
0E
b0 K
b10100001 P
b10100001 Q
0S

#23920000
0!

#23925000
1!
1%
1)
1/
02
13
1C
1D
b10100010 P
b10100010 Q

#23930000
0!

#23935000
1!
b10100011 P
b10100011 Q

#23936000
03

#23940000
0!
1.

#23945000
1!
0%
0)
0/
1A
0C
b10100100 P
b10100100 Q

#23946000
0.

#23950000
0!

#23955000
1!
14
b1010 :
0A
0D
1E
b1010 K
b10100101 P
b10100101 Q
1S

#23960000
0!

#23965000
1!
12
04
b0 :
0E
b0 K
b10100110 P
b10100110 Q
0S

#23970000
0!

#23975000
1!
1%
1)
1/
02
13
1C
1D
b10100111 P
b10100111 Q

#23980000
0!

#23985000
1!
b10101000 P
b10101000 Q

#23986000
03

#23990000
0!
1.

#23995000
1!
0%
0)
0/
1A
0C
b10101001 P
b10101001 Q

#23996000
0.

#24000000
0!

#24005000
1!
14
b1010 :
0A
0D
1E
b1010 K
b10101010 P
b10101010 Q
1S

#24010000
0!

#24015000
1!
12
04
b0 :
0E
b0 K
b10101011 P
b10101011 Q
0S

#24020000
0!

#24025000
1!
1%
1)
1/
02
13
1C
1D
b10101100 P
b10101100 Q

#24030000
0!

#24035000
1!
b10101101 P
b10101101 Q

#24036000
03

#24040000
0!
1.

#24045000
1!
0%
0)
0/
1A
0C
b10101110 P
b10101110 Q

#24046000
0.

#24050000
0!

#24055000
1!
14
b1010 :
0A
0D
1E
b1010 K
b10101111 P
b10101111 Q
1S

#24060000
0!

#24065000
1!
12
04
b0 :
0E
b0 K
b10110000 P
b10110000 Q
0S

#24070000
0!

#24075000
1!
1%
1)
1/
02
13
1C
1D
b10110001 P
b10110001 Q

#24080000
0!

#24085000
1!
b10110010 P
b10110010 Q

#24086000
03

#24090000
0!
1.

#24095000
1!
0%
0)
0/
1A
0C
b10110011 P
b10110011 Q

#24096000
0.

#24100000
0!

#24105000
1!
14
b1010 :
0A
0D
1E
b1010 K
b10110100 P
b10110100 Q
1S

#24110000
0!

#24115000
1!
12
04
b0 :
0E
b0 K
b10110101 P
b10110101 Q
0S

#24120000
0!

#24125000
1!
1%
1)
1/
02
13
1C
1D
b10110110 P
b10110110 Q

#24130000
0!

#24135000
1!
b10110111 P
b10110111 Q

#24136000
03

#24140000
0!
1.

#24145000
1!
0%
0)
0/
1A
0C
b10111000 P
b10111000 Q

#24146000
0.

#24150000
0!

#24155000
1!
14
b1010 :
0A
0D
1E
b1010 K
b10111001 P
b10111001 Q
1S

#24160000
0!

#24165000
1!
12
04
b0 :
0E
b0 K
b10111010 P
b10111010 Q
0S

#24170000
0!

#24175000
1!
1%
1)
1/
02
13
1C
1D
b10111011 P
b10111011 Q

#24180000
0!

#24185000
1!
b10111100 P
b10111100 Q

#24186000
03

#24190000
0!
1.

#24195000
1!
0%
0)
0/
1A
0C
b10111101 P
b10111101 Q

#24196000
0.

#24200000
0!

#24205000
1!
14
b1010 :
0A
0D
1E
b1010 K
b10111110 P
b10111110 Q
1S

#24210000
0!

#24215000
1!
12
04
b0 :
0E
b0 K
b10111111 P
b10111111 Q
0S

#24220000
0!

#24225000
1!
1%
1)
1/
02
13
1C
1D
b11000000 P
b11000000 Q

#24230000
0!

#24235000
1!
b11000001 P
b11000001 Q

#24236000
03

#24240000
0!
1.

#24245000
1!
0%
0)
0/
1A
0C
b11000010 P
b11000010 Q

#24246000
0.

#24250000
0!

#24255000
1!
14
b1010 :
0A
0D
1E
b1010 K
b11000011 P
b11000011 Q
1S

#24260000
0!

#24265000
1!
12
04
b0 :
0E
b0 K
b11000100 P
b11000100 Q
0S

#24270000
0!

#24275000
1!
1%
1)
1/
02
13
1C
1D
b11000101 P
b11000101 Q

#24280000
0!

#24285000
1!
b11000110 P
b11000110 Q

#24286000
03

#24290000
0!
1.

#24295000
1!
0%
0)
0/
1A
0C
b11000111 P
b11000111 Q

#24296000
0.

#24300000
0!

#24305000
1!
14
b1010 :
0A
0D
1E
b1010 K
b11001000 P
b11001000 Q
1S

#24310000
0!

#24315000
1!
12
04
b0 :
0E
b0 K
b11001001 P
b11001001 Q
0S

#24320000
0!

#24325000
1!
1%
1)
1/
02
13
1C
1D
b11001010 P
b11001010 Q

#24330000
0!

#24335000
1!
b11001011 P
b11001011 Q

#24336000
03

#24340000
0!
1.

#24345000
1!
0%
0)
0/
1A
0C
b11001100 P
b11001100 Q

#24346000
0.

#24350000
0!

#24355000
1!
14
b1010 :
0A
0D
1E
b1010 K
b11001101 P
b11001101 Q
1S

#24360000
0!

#24365000
1!
12
04
b0 :
0E
b0 K
b11001110 P
b11001110 Q
0S

#24370000
0!

#24375000
1!
1%
1)
1/
02
13
1C
1D
b11001111 P
b11001111 Q

#24380000
0!

#24385000
1!
b11010000 P
b11010000 Q

#24386000
03

#24390000
0!
1.

#24395000
1!
0%
0)
0/
1A
0C
b11010001 P
b11010001 Q

#24396000
0.

#24400000
0!

#24405000
1!
14
b1010 :
0A
0D
1E
b1010 K
b11010010 P
b11010010 Q
1S

#24410000
0!

#24415000
1!
12
04
b0 :
0E
b0 K
b11010011 P
b11010011 Q
0S

#24420000
0!

#24425000
1!
1%
1)
1/
02
13
1C
1D
b11010100 P
b11010100 Q

#24430000
0!

#24435000
1!
b11010101 P
b11010101 Q

#24436000
03

#24440000
0!
1.

#24445000
1!
0%
0)
0/
1A
0C
b11010110 P
b11010110 Q

#24446000
0.

#24450000
0!

#24455000
1!
14
b1010 :
0A
0D
1E
b1010 K
b11010111 P
b11010111 Q
1S

#24460000
0!

#24465000
1!
12
04
b0 :
0E
b0 K
b11011000 P
b11011000 Q
0S

#24470000
0!

#24475000
1!
1%
1)
1/
02
13
1C
1D
b11011001 P
b11011001 Q

#24480000
0!

#24485000
1!
b11011010 P
b11011010 Q

#24486000
03

#24490000
0!
1.

#24495000
1!
0%
0)
0/
1A
0C
b11011011 P
b11011011 Q

#24496000
0.

#24500000
0!

#24505000
1!
14
b1010 :
0A
0D
1E
b1010 K
b11011100 P
b11011100 Q
1S

#24510000
0!

#24515000
1!
12
04
b0 :
0E
b0 K
b11011101 P
b11011101 Q
0S

#24520000
0!

#24525000
1!
1%
1)
1/
02
13
1C
1D
b11011110 P
b11011110 Q

#24530000
0!

#24535000
1!
b11011111 P
b11011111 Q

#24536000
03

#24540000
0!
1.

#24545000
1!
0%
0)
0/
1A
0C
b11100000 P
b11100000 Q

#24546000
0.

#24550000
0!

#24555000
1!
14
b1010 :
0A
0D
1E
b1010 K
b11100001 P
b11100001 Q
1S

#24560000
0!

#24565000
1!
12
04
b0 :
0E
b0 K
b11100010 P
b11100010 Q
0S

#24570000
0!

#24575000
1!
1%
1)
1/
02
13
1C
1D
b11100011 P
b11100011 Q

#24580000
0!

#24585000
1!
b11100100 P
b11100100 Q

#24586000
03

#24590000
0!
1.

#24595000
1!
0%
0)
0/
1A
0C
b11100101 P
b11100101 Q

#24596000
0.

#24600000
0!

#24605000
1!
14
b1010 :
0A
0D
1E
b1010 K
b11100110 P
b11100110 Q
1S

#24610000
0!

#24615000
1!
12
04
b0 :
0E
b0 K
b11100111 P
b11100111 Q
0S

#24620000
0!

#24625000
1!
1%
1)
1/
02
13
1C
1D
b11101000 P
b11101000 Q

#24630000
0!

#24635000
1!
b11101001 P
b11101001 Q

#24636000
03

#24640000
0!
1.

#24645000
1!
0%
0)
0/
1A
0C
b11101010 P
b11101010 Q

#24646000
0.

#24650000
0!

#24655000
1!
14
b1010 :
0A
0D
1E
b1010 K
b11101011 P
b11101011 Q
1S

#24660000
0!

#24665000
1!
12
04
b0 :
0E
b0 K
b11101100 Q
0S

#24670000
0!

#24675000
1!
1%
1)
1/
02
13
1C
1D
1O
b11101101 Q

#24680000
0!

#24685000
1!
b11 M
1`

#24686000
03

#24690000
0!
1.

#24695000
1!
0%
0)
0/
1A
0C

#24696000
0.

#24700000
0!

#24705000
1!
14
b1101 :
0A
0D
1E
b1101 K
1S

#24710000
0!

#24715000
1!
b1101 0
12
04
b0 :
0E
b0 K
0S

#24720000
0!

#24725000
1!
1%
1)
1/
02
13
1C
1D

#24730000
0!

#24735000
1!

#24736000
03

#24740000
0!
b1000 -
1.

#24745000
1!
0%
0)
0/
1A
b1000 B
0C

#24746000
0.

#24750000
0!

#24755000
1!
14
b1000 6
b11101101 :
0A
0D
1E
b1000 G
b11101101 K
1S
0V
1W
b10 b
b110001000100000000000000000000 c
b10 e
b101 f
b10 i
b111 j

#24760000
0!

#24765000
1!
b11101101 0
12
04
b0 :
0E
b0 K
0S

#24770000
0!

#24775000
1!
1%
1)
1/
02
13
1C
1D

#24780000
0!

#24785000
1!

#24786000
03

#24790000
0!
b1100 -
1.

#24795000
1!
0%
0)
0/
1A
b1100 B
0C

#24796000
0.

#24800000
0!

#24805000
1!
14
b1100 6
b11101011 :
0A
0D
1E
b1100 G
b11101011 K
1S
0W
1X
b11 b
b1110110000001010000000010000000 c
b11 e
b111 f
b11 i
b1 j

#24810000
0!

#24815000
1!
b11101011 0
12
04
b0 :
0E
b0 K
0S

#24820000
0!

#24825000
1!
1%
1)
1/
02
13
1C
1D

#24830000
0!

#24835000
1!

#24836000
03

#24840000
0!
b1000000000000 -
1.

#24845000
1!
0%
0)
0/
1A
b1000000000000 B
0C

#24846000
0.

#24850000
0!

#24855000
1!
14
b1000000000000 6
b111111111100000000100000000000 :
0A
0D
1E
b1000000000000 G
b111111111100000000100000000000 K
1S
0X
1Z
1]
b0 b
b111111111100000000100000000000 c
b0 e
b1 f
b1000000 h
b0 i
bx j

#24860000
0!

#24865000
1!
b111111111100000000100000000000 0
12
04
b0 :
0E
b0 K
0S

#24870000
0!

#24875000
1!
1%
1)
1/
02
13
1C
1D

#24880000
0!

#24885000
1!

#24886000
03

#24890000
0!
b100010000000000 -
1.

#24895000
1!
0%
0)
0/
1A
b100010000000000 B
0C

#24896000
0.

#24900000
0!

#24905000
1!
14
b100010000000000 6
b10010101 :
0A
0D
1E
b100010000000000 G
b10010101 K
1S
0Z
1\
b100000000 b
bx c
b10000 h
b10010101 j

#24910000
0!

#24915000
1!
b10010101 0
12
04
b0 :
0E
b0 K
0S

#24920000
0!

#24925000
1!
1%
1)
1/
02
13
1C
1D

#24930000
0!

#24935000
1!

#24936000
03

#24940000
0!
b100010000000100 -
1.

#24945000
1!
0%
0)
0/
1A
b100010000000100 B
0C

#24946000
0.

#24950000
0!

#24955000
1!
14
b100010000000100 6
b10000000 :
0A
0D
1E
b100010000000100 G
b10000000 K
1S
b100000001 b
b1 e
b11 f
b1 i
b10000000 j

#24960000
0!

#24965000
1!
b10000000 0
12
04
b0 :
0E
b0 K
0S

#24970000
0!

#24975000
1!
1%
1)
1/
02
13
1C
1D

#24980000
0!

#24985000
1!

#24986000
03

#24990000
0!
b100010000001000 -
1.

#24995000
1!
0%
0)
0/
1A
b100010000001000 B
0C

#24996000
0.

#25000000
0!

#25005000
1!
14
b100010000001000 6
b10000110 :
0A
0D
1E
b100010000001000 G
b10000110 K
1S
b100000010 b
b10 e
b101 f
b10 i
b10000110 j

#25010000
0!

#25015000
1!
b10000110 0
12
04
b0 :
0E
b0 K
0S

#25020000
0!

#25025000
1!
1%
1)
1/
02
13
1C
1D

#25030000
0!

#25035000
1!

#25036000
03

#25040000
0!
b100010000001100 -
1.

#25045000
1!
0%
0)
0/
1A
b100010000001100 B
0C

#25046000
0.

#25050000
0!

#25055000
1!
14
b100010000001100 6
b10010101 :
0A
0D
1E
b100010000001100 G
b10010101 K
1S
b100000011 b
b11 e
b111 f
b11 i
b10010101 j

#25060000
0!

#25065000
1!
b10010101 0
12
04
b0 :
0E
b0 K
0S

#25070000
0!

#25075000
1!
1%
1)
1/
02
13
1C
1D

#25080000
0!

#25085000
1!

#25086000
03

#25090000
0!
b100010000010000 -
1.

#25095000
1!
0%
0)
0/
1A
b100010000010000 B
0C

#25096000
0.

#25100000
0!

#25105000
1!
14
b100010000010000 6
b10000000 :
0A
0D
1E
b100010000010000 G
b10000000 K
1S
b100000100 b
b100 e
b10 f
b100 i
b10000000 j

#25110000
0!

#25115000
1!
b10000000 0
12
04
b0 :
0E
b0 K
0S

#25120000
0!

#25125000
1!
1%
1)
1/
02
13
1C
1D

#25130000
0!

#25135000
1!

#25136000
03

#25140000
0!
b100010000010100 -
1.

#25145000
1!
0%
0)
0/
1A
b100010000010100 B
0C

#25146000
0.

#25150000
0!

#25155000
1!
14
b100010000010100 6
b10000110 :
0A
0D
1E
b100010000010100 G
b10000110 K
1S
b100000101 b
b101 e
b100 f
b101 i
b10000110 j

#25160000
0!

#25165000
1!
b10000110 0
12
04
b0 :
0E
b0 K
0S

#25170000
0!

#25175000
1!
1%
1)
1/
02
13
1C
1D

#25180000
0!

#25185000
1!

#25186000
03

#25190000
0!
b100010000011000 -
1.

#25195000
1!
0%
0)
0/
1A
b100010000011000 B
0C

#25196000
0.

#25200000
0!

#25205000
1!
14
b100010000011000 6
b10010101 :
0A
0D
1E
b100010000011000 G
b10010101 K
1S
b100000110 b
b110 e
b110 f
b110 i
b10010101 j

#25210000
0!

#25215000
1!
b10010101 0
12
04
b0 :
0E
b0 K
0S

#25220000
0!

#25225000
1!
1%
1)
1/
02
13
1C
1D

#25230000
0!

#25235000
1!

#25236000
03

#25240000
0!
b100010000011100 -
1.

#25245000
1!
0%
0)
0/
1A
b100010000011100 B
0C

#25246000
0.

#25250000
0!

#25255000
1!
14
b100010000011100 6
b10000000 :
0A
0D
1E
b100010000011100 G
b10000000 K
1S
b100000111 b
b111 e
b1 f
b111 i
b10000000 j

#25260000
0!

#25265000
1!
b10000000 0
12
04
b0 :
0E
b0 K
0S

#25270000
0!

#25275000
1!
1%
1)
1/
02
13
1C
1D

#25280000
0!

#25285000
1!

#25286000
03

#25290000
0!
b100010001000000 -
1.

#25295000
1!
0%
0)
0/
1A
b100010001000000 B
0C

#25296000
0.

#25300000
0!

#25305000
1!
14
b100010001000000 6
b10110010 :
0A
0D
1E
b100010001000000 G
b10110010 K
1S
b100010000 b
b10000 e
b111 f
b10001 h
b0 i
b10110010 j

#25310000
0!

#25315000
1!
b10110010 0
12
04
b0 :
0E
b0 K
0S

#25320000
0!

#25325000
1!
1%
1)
1/
02
13
1C
1D

#25330000
0!

#25335000
1!

#25336000
03

#25340000
0!
b100010001000100 -
1.

#25345000
1!
0%
0)
0/
1A
b100010001000100 B
0C

#25346000
0.

#25350000
0!

#25355000
1!
14
b100010001000100 6
b10010100 :
0A
0D
1E
b100010001000100 G
b10010100 K
1S
b100010001 b
b10001 e
b10 f
b1 i
b10010100 j

#25360000
0!

#25365000
1!
b10010100 0
12
04
b0 :
0E
b0 K
0S

#25370000
0!

#25375000
1!
1%
1)
1/
02
13
1C
1D

#25380000
0!

#25385000
1!

#25386000
03

#25390000
0!
b100010001001000 -
1.

#25395000
1!
0%
0)
0/
1A
b100010001001000 B
0C

#25396000
0.

#25400000
0!

#25405000
1!
14
b100010001001000 6
b10101100 :
0A
0D
1E
b100010001001000 G
b10101100 K
1S
b100010010 b
b10010 e
b100 f
b10 i
b10101100 j

#25410000
0!

#25415000
1!
b10101100 0
12
04
b0 :
0E
b0 K
0S

#25420000
0!

#25425000
1!
1%
1)
1/
02
13
1C
1D

#25430000
0!

#25435000
1!

#25436000
03

#25440000
0!
b100010001001100 -
1.

#25445000
1!
0%
0)
0/
1A
b100010001001100 B
0C

#25446000
0.

#25450000
0!

#25455000
1!
14
b100010001001100 6
b10110010 :
0A
0D
1E
b100010001001100 G
b10110010 K
1S
b100010011 b
b10011 e
b110 f
b11 i
b10110010 j

#25460000
0!

#25465000
1!
b10110010 0
12
04
b0 :
0E
b0 K
0S

#25470000
0!

#25475000
1!
1%
1)
1/
02
13
1C
1D

#25480000
0!

#25485000
1!

#25486000
03

#25490000
0!
b100010001010000 -
1.

#25495000
1!
0%
0)
0/
1A
b100010001010000 B
0C

#25496000
0.

#25500000
0!

#25505000
1!
14
b100010001010000 6
b10010100 :
0A
0D
1E
b100010001010000 G
b10010100 K
1S
b100010100 b
b10100 e
b1 f
b100 i
b10010100 j

#25510000
0!

#25515000
1!
b10010100 0
12
04
b0 :
0E
b0 K
0S

#25520000
0!

#25525000
1!
1%
1)
1/
02
13
1C
1D

#25530000
0!

#25535000
1!

#25536000
03

#25540000
0!
b100010001010100 -
1.

#25545000
1!
0%
0)
0/
1A
b100010001010100 B
0C

#25546000
0.

#25550000
0!

#25555000
1!
14
b100010001010100 6
b10101100 :
0A
0D
1E
b100010001010100 G
b10101100 K
1S
b100010101 b
b10101 e
b11 f
b101 i
b10101100 j

#25560000
0!

#25565000
1!
b10101100 0
12
04
b0 :
0E
b0 K
0S

#25570000
0!

#25575000
1!
1%
1)
1/
02
13
1C
1D

#25580000
0!

#25585000
1!

#25586000
03

#25590000
0!
b100010001011000 -
1.

#25595000
1!
0%
0)
0/
1A
b100010001011000 B
0C

#25596000
0.

#25600000
0!

#25605000
1!
14
b100010001011000 6
b10110010 :
0A
0D
1E
b100010001011000 G
b10110010 K
1S
b100010110 b
b10110 e
b101 f
b110 i
b10110010 j

#25610000
0!

#25615000
1!
b10110010 0
12
04
b0 :
0E
b0 K
0S

#25620000
0!

#25625000
1!
1%
1)
1/
02
13
1C
1D

#25630000
0!

#25635000
1!

#25636000
03

#25640000
0!
b100010001011100 -
1.

#25645000
1!
0%
0)
0/
1A
b100010001011100 B
0C

#25646000
0.

#25650000
0!

#25655000
1!
14
b100010001011100 6
b10010100 :
0A
0D
1E
b100010001011100 G
b10010100 K
1S
b100010111 b
b10111 e
b111 f
b111 i
b10010100 j

#25660000
0!

#25665000
1!
b10010100 0
12
04
b0 :
0E
b0 K
0S

#25670000
0!

#25675000
1!
1%
1)
1/
02
13
1C
1D

#25680000
0!

#25685000
1!

#25686000
03

#25690000
0!
b100010010000000 -
1.

#25695000
1!
0%
0)
0/
1A
b100010010000000 B
0C

#25696000
0.

#25700000
0!

#25705000
1!
14
b100010010000000 6
b10110011 :
0A
0D
1E
b100010010000000 G
b10110011 K
1S
b100100000 b
b100000 e
b110 f
b10010 h
b0 i
b10110011 j

#25710000
0!

#25715000
1!
b10110011 0
12
04
b0 :
0E
b0 K
0S

#25720000
0!

#25725000
1!
1%
1)
1/
02
13
1C
1D

#25730000
0!

#25735000
1!

#25736000
03

#25740000
0!
b100010010000100 -
1.

#25745000
1!
0%
0)
0/
1A
b100010010000100 B
0C

#25746000
0.

#25750000
0!

#25755000
1!
14
b100010010000100 6
b10001100 :
0A
0D
1E
b100010010000100 G
b10001100 K
1S
b100100001 b
b100001 e
b1 f
b1 i
b10001100 j

#25760000
0!

#25765000
1!
b10001100 0
12
04
b0 :
0E
b0 K
0S

#25770000
0!

#25775000
1!
1%
1)
1/
02
13
1C
1D

#25780000
0!

#25785000
1!

#25786000
03

#25790000
0!
b100010010001000 -
1.

#25795000
1!
0%
0)
0/
1A
b100010010001000 B
0C

#25796000
0.

#25800000
0!

#25805000
1!
14
b100010010001000 6
b10110110 :
0A
0D
1E
b100010010001000 G
b10110110 K
1S
b100100010 b
b100010 e
b11 f
b10 i
b10110110 j

#25810000
0!

#25815000
1!
b10110110 0
12
04
b0 :
0E
b0 K
0S

#25820000
0!

#25825000
1!
1%
1)
1/
02
13
1C
1D

#25830000
0!

#25835000
1!

#25836000
03

#25840000
0!
b100010010001100 -
1.

#25845000
1!
0%
0)
0/
1A
b100010010001100 B
0C

#25846000
0.

#25850000
0!

#25855000
1!
14
b100010010001100 6
b10110011 :
0A
0D
1E
b100010010001100 G
b10110011 K
1S
b100100011 b
b100011 e
b101 f
b11 i
b10110011 j

#25860000
0!

#25865000
1!
b10110011 0
12
04
b0 :
0E
b0 K
0S

#25870000
0!

#25875000
1!
1%
1)
1/
02
13
1C
1D

#25880000
0!

#25885000
1!

#25886000
03

#25890000
0!
b100010010010000 -
1.

#25895000
1!
0%
0)
0/
1A
b100010010010000 B
0C

#25896000
0.

#25900000
0!

#25905000
1!
14
b100010010010000 6
b10001100 :
0A
0D
1E
b100010010010000 G
b10001100 K
1S
b100100100 b
b100100 e
b111 f
b100 i
b10001100 j

#25910000
0!

#25915000
1!
b10001100 0
12
04
b0 :
0E
b0 K
0S

#25920000
0!

#25925000
1!
1%
1)
1/
02
13
1C
1D

#25930000
0!

#25935000
1!

#25936000
03

#25940000
0!
b100010010010100 -
1.

#25945000
1!
0%
0)
0/
1A
b100010010010100 B
0C

#25946000
0.

#25950000
0!

#25955000
1!
14
b100010010010100 6
b10110110 :
0A
0D
1E
b100010010010100 G
b10110110 K
1S
b100100101 b
b100101 e
b10 f
b101 i
b10110110 j

#25960000
0!

#25965000
1!
b10110110 0
12
04
b0 :
0E
b0 K
0S

#25970000
0!

#25975000
1!
1%
1)
1/
02
13
1C
1D

#25980000
0!

#25985000
1!

#25986000
03

#25990000
0!
b100010010011000 -
1.

#25995000
1!
0%
0)
0/
1A
b100010010011000 B
0C

#25996000
0.

#26000000
0!

#26005000
1!
14
b100010010011000 6
b10110011 :
0A
0D
1E
b100010010011000 G
b10110011 K
1S
b100100110 b
b100110 e
b100 f
b110 i
b10110011 j

#26010000
0!

#26015000
1!
b10110011 0
12
04
b0 :
0E
b0 K
0S

#26020000
0!

#26025000
1!
1%
1)
1/
02
13
1C
1D

#26030000
0!

#26035000
1!

#26036000
03

#26040000
0!
b100010010011100 -
1.

#26045000
1!
0%
0)
0/
1A
b100010010011100 B
0C

#26046000
0.

#26050000
0!

#26055000
1!
14
b100010010011100 6
b10001100 :
0A
0D
1E
b100010010011100 G
b10001100 K
1S
b100100111 b
b100111 e
b110 f
b111 i
b10001100 j

#26060000
0!

#26065000
1!
b10001100 0
12
04
b0 :
0E
b0 K
0S

#26070000
0!

#26075000
1!
1%
1)
1/
02
13
1C
1D

#26080000
0!

#26085000
1!

#26086000
03

#26090000
0!
b100010011000000 -
1.

#26095000
1!
0%
0)
0/
1A
b100010011000000 B
0C

#26096000
0.

#26100000
0!

#26105000
1!
14
b100010011000000 6
b10011000 :
0A
0D
1E
b100010011000000 G
b10011000 K
1S
b100110000 b
b110000 e
b101 f
b10011 h
b0 i
b10011000 j

#26110000
0!

#26115000
1!
b10011000 0
12
04
b0 :
0E
b0 K
0S

#26120000
0!

#26125000
1!
1%
1)
1/
02
13
1C
1D

#26130000
0!

#26135000
1!

#26136000
03

#26140000
0!
b100010011000100 -
1.

#26145000
1!
0%
0)
0/
1A
b100010011000100 B
0C

#26146000
0.

#26150000
0!

#26155000
1!
14
b100010011000100 6
b10010010 :
0A
0D
1E
b100010011000100 G
b10010010 K
1S
b100110001 b
b110001 e
b111 f
b1 i
b10010010 j

#26160000
0!

#26165000
1!
b10010010 0
12
04
b0 :
0E
b0 K
0S

#26170000
0!

#26175000
1!
1%
1)
1/
02
13
1C
1D

#26180000
0!

#26185000
1!

#26186000
03

#26190000
0!
b100010011001000 -
1.

#26195000
1!
0%
0)
0/
1A
b100010011001000 B
0C

#26196000
0.

#26200000
0!

#26205000
1!
14
b100010011001000 6
b10111001 :
0A
0D
1E
b100010011001000 G
b10111001 K
1S
b100110010 b
b110010 e
b10 f
b10 i
b10111001 j

#26210000
0!

#26215000
1!
b10111001 0
12
04
b0 :
0E
b0 K
0S

#26220000
0!

#26225000
1!
1%
1)
1/
02
13
1C
1D

#26230000
0!

#26235000
1!

#26236000
03

#26240000
0!
b100010011001100 -
1.

#26245000
1!
0%
0)
0/
1A
b100010011001100 B
0C

#26246000
0.

#26250000
0!

#26255000
1!
14
b100010011001100 6
b10011000 :
0A
0D
1E
b100010011001100 G
b10011000 K
1S
b100110011 b
b110011 e
b100 f
b11 i
b10011000 j

#26260000
0!

#26265000
1!
b10011000 0
12
04
b0 :
0E
b0 K
0S

#26270000
0!

#26275000
1!
1%
1)
1/
02
13
1C
1D

#26280000
0!

#26285000
1!

#26286000
03

#26290000
0!
b100010011010000 -
1.

#26295000
1!
0%
0)
0/
1A
b100010011010000 B
0C

#26296000
0.

#26300000
0!

#26305000
1!
14
b100010011010000 6
b10010010 :
0A
0D
1E
b100010011010000 G
b10010010 K
1S
b100110100 b
b110100 e
b110 f
b100 i
b10010010 j

#26310000
0!

#26315000
1!
b10010010 0
12
04
b0 :
0E
b0 K
0S

#26320000
0!

#26325000
1!
1%
1)
1/
02
13
1C
1D

#26330000
0!

#26335000
1!

#26336000
03

#26340000
0!
b100010011010100 -
1.

#26345000
1!
0%
0)
0/
1A
b100010011010100 B
0C

#26346000
0.

#26350000
0!

#26355000
1!
14
b100010011010100 6
b10111001 :
0A
0D
1E
b100010011010100 G
b10111001 K
1S
b100110101 b
b110101 e
b1 f
b101 i
b10111001 j

#26360000
0!

#26365000
1!
b10111001 0
12
04
b0 :
0E
b0 K
0S

#26370000
0!

#26375000
1!
1%
1)
1/
02
13
1C
1D

#26380000
0!

#26385000
1!

#26386000
03

#26390000
0!
b100010011011000 -
1.

#26395000
1!
0%
0)
0/
1A
b100010011011000 B
0C

#26396000
0.

#26400000
0!

#26405000
1!
14
b100010011011000 6
b10011000 :
0A
0D
1E
b100010011011000 G
b10011000 K
1S
b100110110 b
b110110 e
b11 f
b110 i
b10011000 j

#26410000
0!

#26415000
1!
b10011000 0
12
04
b0 :
0E
b0 K
0S

#26420000
0!

#26425000
1!
1%
1)
1/
02
13
1C
1D

#26430000
0!

#26435000
1!

#26436000
03

#26440000
0!
b100010011011100 -
1.

#26445000
1!
0%
0)
0/
1A
b100010011011100 B
0C

#26446000
0.

#26450000
0!

#26455000
1!
14
b100010011011100 6
b10010010 :
0A
0D
1E
b100010011011100 G
b10010010 K
1S
b100110111 b
b110111 e
b101 f
b111 i
b10010010 j

#26460000
0!

#26465000
1!
b10010010 0
12
04
b0 :
0E
b0 K
0S

#26470000
0!

#26475000
1!
1%
1)
1/
02
13
1C
1D

#26480000
0!

#26485000
1!

#26486000
03

#26490000
0!
b100010100000000 -
1.

#26495000
1!
0%
0)
0/
1A
b100010100000000 B
0C

#26496000
0.

#26500000
0!

#26505000
1!
14
b100010100000000 6
b10100000 :
0A
0D
1E
b100010100000000 G
b10100000 K
1S
b101000000 b
b1000000 e
b0xxxxxxxxxxxxxxxx f
b10100 h
b0 i
b10100000 j

#26510000
0!

#26515000
1!
b10100000 0
12
04
b0 :
0E
b0 K
0S

#26520000
0!

#26525000
1!
1%
1)
1/
02
13
1C
1D

#26530000
0!

#26535000
1!

#26536000
03

#26540000
0!
b100010100000100 -
1.

#26545000
1!
0%
0)
0/
1A
b100010100000100 B
0C

#26546000
0.

#26550000
0!

#26555000
1!
14
b100010100000100 6
b10010001 :
0A
0D
1E
b100010100000100 G
b10010001 K
1S
b101000001 b
b1000001 e
b1 i
b10010001 j

#26560000
0!

#26565000
1!
b10010001 0
12
04
b0 :
0E
b0 K
0S

#26570000
0!

#26575000
1!
1%
1)
1/
02
13
1C
1D

#26580000
0!

#26585000
1!

#26586000
03

#26590000
0!
b100010100001000 -
1.

#26595000
1!
0%
0)
0/
1A
b100010100001000 B
0C

#26596000
0.

#26600000
0!

#26605000
1!
14
b100010100001000 6
b11001010 :
0A
0D
1E
b100010100001000 G
b11001010 K
1S
b101000010 b
b1000010 e
b10 i
b11001010 j

#26610000
0!

#26615000
1!
b11001010 0
12
04
b0 :
0E
b0 K
0S

#26620000
0!

#26625000
1!
1%
1)
1/
02
13
1C
1D

#26630000
0!

#26635000
1!

#26636000
03

#26640000
0!
b100010100001100 -
1.

#26645000
1!
0%
0)
0/
1A
b100010100001100 B
0C

#26646000
0.

#26650000
0!

#26655000
1!
14
b100010100001100 6
b10100000 :
0A
0D
1E
b100010100001100 G
b10100000 K
1S
b101000011 b
b1000011 e
b11 i
b10100000 j

#26660000
0!

#26665000
1!
b10100000 0
12
04
b0 :
0E
b0 K
0S

#26670000
0!

#26675000
1!
1%
1)
1/
02
13
1C
1D

#26680000
0!

#26685000
1!

#26686000
03

#26690000
0!
b100010100010000 -
1.

#26695000
1!
0%
0)
0/
1A
b100010100010000 B
0C

#26696000
0.

#26700000
0!

#26705000
1!
14
b100010100010000 6
b10010001 :
0A
0D
1E
b100010100010000 G
b10010001 K
1S
b101000100 b
b1000100 e
b100 i
b10010001 j

#26710000
0!

#26715000
1!
b10010001 0
12
04
b0 :
0E
b0 K
0S

#26720000
0!

#26725000
1!
1%
1)
1/
02
13
1C
1D

#26730000
0!

#26735000
1!

#26736000
03

#26740000
0!
b100010100010100 -
1.

#26745000
1!
0%
0)
0/
1A
b100010100010100 B
0C

#26746000
0.

#26750000
0!

#26755000
1!
14
b100010100010100 6
b11001010 :
0A
0D
1E
b100010100010100 G
b11001010 K
1S
b101000101 b
b1000101 e
b101 i
b11001010 j

#26760000
0!

#26765000
1!
b11001010 0
12
04
b0 :
0E
b0 K
0S

#26770000
0!

#26775000
1!
1%
1)
1/
02
13
1C
1D

#26780000
0!

#26785000
1!

#26786000
03

#26790000
0!
b100010100011000 -
1.

#26795000
1!
0%
0)
0/
1A
b100010100011000 B
0C

#26796000
0.

#26800000
0!

#26805000
1!
14
b100010100011000 6
b10100000 :
0A
0D
1E
b100010100011000 G
b10100000 K
1S
b101000110 b
b1000110 e
b110 i
b10100000 j

#26810000
0!

#26815000
1!
b10100000 0
12
04
b0 :
0E
b0 K
0S

#26820000
0!

#26825000
1!
1%
1)
1/
02
13
1C
1D

#26830000
0!

#26835000
1!

#26836000
03

#26840000
0!
b100010100011100 -
1.

#26845000
1!
0%
0)
0/
1A
b100010100011100 B
0C

#26846000
0.

#26850000
0!

#26855000
1!
14
b100010100011100 6
b10010001 :
0A
0D
1E
b100010100011100 G
b10010001 K
1S
b101000111 b
b1000111 e
b111 i
b10010001 j

#26860000
0!

#26865000
1!
b10010001 0
12
04
b0 :
0E
b0 K
0S

#26870000
0!

#26875000
1!
1%
1)
1/
02
13
1C
1D

#26880000
0!

#26885000
1!

#26886000
03

#26890000
0!
b100010101000000 -
1.

#26895000
1!
0%
0)
0/
1A
b100010101000000 B
0C

#26896000
0.

#26900000
0!

#26905000
1!
14
b100010101000000 6
b10001100 :
0A
0D
1E
b100010101000000 G
b10001100 K
1S
b101010000 b
b1010000 e
b10101 h
b0 i
b10001100 j

#26910000
0!

#26915000
1!
b10001100 0
12
04
b0 :
0E
b0 K
0S

#26920000
0!

#26925000
1!
1%
1)
1/
02
13
1C
1D

#26930000
0!

#26935000
1!

#26936000
03

#26940000
0!
b100010101000100 -
1.

#26945000
1!
0%
0)
0/
1A
b100010101000100 B
0C

#26946000
0.

#26950000
0!

#26955000
1!
14
b100010101000100 6
b10011110 :
0A
0D
1E
b100010101000100 G
b10011110 K
1S
b101010001 b
b1010001 e
b1 i
b10011110 j

#26960000
0!

#26965000
1!
b10011110 0
12
04
b0 :
0E
b0 K
0S

#26970000
0!

#26975000
1!
1%
1)
1/
02
13
1C
1D

#26980000
0!

#26985000
1!

#26986000
03

#26990000
0!
b100010101001000 -
1.

#26995000
1!
0%
0)
0/
1A
b100010101001000 B
0C

#26996000
0.

#27000000
0!

#27005000
1!
14
b100010101001000 6
b10010101 :
0A
0D
1E
b100010101001000 G
b10010101 K
1S
b101010010 b
b1010010 e
b10 i
b10010101 j

#27010000
0!

#27015000
1!
b10010101 0
12
04
b0 :
0E
b0 K
0S

#27020000
0!

#27025000
1!
1%
1)
1/
02
13
1C
1D

#27030000
0!

#27035000
1!

#27036000
03

#27040000
0!
b100010101001100 -
1.

#27045000
1!
0%
0)
0/
1A
b100010101001100 B
0C

#27046000
0.

#27050000
0!

#27055000
1!
14
b100010101001100 6
b10001100 :
0A
0D
1E
b100010101001100 G
b10001100 K
1S
b101010011 b
b1010011 e
b11 i
b10001100 j

#27060000
0!

#27065000
1!
b10001100 0
12
04
b0 :
0E
b0 K
0S

#27070000
0!

#27075000
1!
1%
1)
1/
02
13
1C
1D

#27080000
0!

#27085000
1!

#27086000
03

#27090000
0!
b100010101010000 -
1.

#27095000
1!
0%
0)
0/
1A
b100010101010000 B
0C

#27096000
0.

#27100000
0!

#27105000
1!
14
b100010101010000 6
b10011110 :
0A
0D
1E
b100010101010000 G
b10011110 K
1S
b101010100 b
b1010100 e
b100 i
b10011110 j

#27110000
0!

#27115000
1!
b10011110 0
12
04
b0 :
0E
b0 K
0S

#27120000
0!

#27125000
1!
1%
1)
1/
02
13
1C
1D

#27130000
0!

#27135000
1!

#27136000
03

#27140000
0!
b100010101010100 -
1.

#27145000
1!
0%
0)
0/
1A
b100010101010100 B
0C

#27146000
0.

#27150000
0!

#27155000
1!
14
b100010101010100 6
b10010101 :
0A
0D
1E
b100010101010100 G
b10010101 K
1S
b101010101 b
b1010101 e
b101 i
b10010101 j

#27160000
0!

#27165000
1!
b10010101 0
12
04
b0 :
0E
b0 K
0S

#27170000
0!

#27175000
1!
1%
1)
1/
02
13
1C
1D

#27180000
0!

#27185000
1!

#27186000
03

#27190000
0!
b100010101011000 -
1.

#27195000
1!
0%
0)
0/
1A
b100010101011000 B
0C

#27196000
0.

#27200000
0!

#27205000
1!
14
b100010101011000 6
b10001100 :
0A
0D
1E
b100010101011000 G
b10001100 K
1S
b101010110 b
b1010110 e
b110 i
b10001100 j

#27210000
0!

#27215000
1!
b10001100 0
12
04
b0 :
0E
b0 K
0S

#27220000
0!

#27225000
1!
1%
1)
1/
02
13
1C
1D

#27230000
0!

#27235000
1!

#27236000
03

#27240000
0!
b100010101011100 -
1.

#27245000
1!
0%
0)
0/
1A
b100010101011100 B
0C

#27246000
0.

#27250000
0!

#27255000
1!
14
b100010101011100 6
b10011110 :
0A
0D
1E
b100010101011100 G
b10011110 K
1S
b101010111 b
b1010111 e
b111 i
b10011110 j

#27260000
0!

#27265000
1!
b10011110 0
12
04
b0 :
0E
b0 K
0S

#27270000
0!

#27275000
1!
1%
1)
1/
02
13
1C
1D

#27280000
0!

#27285000
1!

#27286000
03

#27290000
0!
b100010110000000 -
1.

#27295000
1!
0%
0)
0/
1A
b100010110000000 B
0C

#27296000
0.

#27300000
0!

#27305000
1!
14
b100010110000000 6
b10100010 :
0A
0D
1E
b100010110000000 G
b10100010 K
1S
b101100000 b
b1100000 e
b10110 h
b0 i
b10100010 j

#27310000
0!

#27315000
1!
b10100010 0
12
04
b0 :
0E
b0 K
0S

#27320000
0!

#27325000
1!
1%
1)
1/
02
13
1C
1D

#27330000
0!

#27335000
1!

#27336000
03

#27340000
0!
b100010110000100 -
1.

#27345000
1!
0%
0)
0/
1A
b100010110000100 B
0C

#27346000
0.

#27350000
0!

#27355000
1!
14
b100010110000100 6
b10101011 :
0A
0D
1E
b100010110000100 G
b10101011 K
1S
b101100001 b
b1100001 e
b1 i
b10101011 j

#27360000
0!

#27365000
1!
b10101011 0
12
04
b0 :
0E
b0 K
0S

#27370000
0!

#27375000
1!
1%
1)
1/
02
13
1C
1D

#27380000
0!

#27385000
1!

#27386000
03

#27390000
0!
b100010110001000 -
1.

#27395000
1!
0%
0)
0/
1A
b100010110001000 B
0C

#27396000
0.

#27400000
0!

#27405000
1!
14
b100010110001000 6
b10110100 :
0A
0D
1E
b100010110001000 G
b10110100 K
1S
b101100010 b
b1100010 e
b10 i
b10110100 j

#27410000
0!

#27415000
1!
b10110100 0
12
04
b0 :
0E
b0 K
0S

#27420000
0!

#27425000
1!
1%
1)
1/
02
13
1C
1D

#27430000
0!

#27435000
1!

#27436000
03

#27440000
0!
b100010110001100 -
1.

#27445000
1!
0%
0)
0/
1A
b100010110001100 B
0C

#27446000
0.

#27450000
0!

#27455000
1!
14
b100010110001100 6
b10100010 :
0A
0D
1E
b100010110001100 G
b10100010 K
1S
b101100011 b
b1100011 e
b11 i
b10100010 j

#27460000
0!

#27465000
1!
b10100010 0
12
04
b0 :
0E
b0 K
0S

#27470000
0!

#27475000
1!
1%
1)
1/
02
13
1C
1D

#27480000
0!

#27485000
1!

#27486000
03

#27490000
0!
b100010110010000 -
1.

#27495000
1!
0%
0)
0/
1A
b100010110010000 B
0C

#27496000
0.

#27500000
0!

#27505000
1!
14
b100010110010000 6
b10101011 :
0A
0D
1E
b100010110010000 G
b10101011 K
1S
b101100100 b
b1100100 e
b100 i
b10101011 j

#27510000
0!

#27515000
1!
b10101011 0
12
04
b0 :
0E
b0 K
0S

#27520000
0!

#27525000
1!
1%
1)
1/
02
13
1C
1D

#27530000
0!

#27535000
1!

#27536000
03

#27540000
0!
b100010110010100 -
1.

#27545000
1!
0%
0)
0/
1A
b100010110010100 B
0C

#27546000
0.

#27550000
0!

#27555000
1!
14
b100010110010100 6
b10110100 :
0A
0D
1E
b100010110010100 G
b10110100 K
1S
b101100101 b
b1100101 e
b101 i
b10110100 j

#27560000
0!

#27565000
1!
b10110100 0
12
04
b0 :
0E
b0 K
0S

#27570000
0!

#27575000
1!
1%
1)
1/
02
13
1C
1D

#27580000
0!

#27585000
1!

#27586000
03

#27590000
0!
b100010110011000 -
1.

#27595000
1!
0%
0)
0/
1A
b100010110011000 B
0C

#27596000
0.

#27600000
0!

#27605000
1!
14
b100010110011000 6
b10100010 :
0A
0D
1E
b100010110011000 G
b10100010 K
1S
b101100110 b
b1100110 e
b110 i
b10100010 j

#27610000
0!

#27615000
1!
b10100010 0
12
04
b0 :
0E
b0 K
0S

#27620000
0!

#27625000
1!
1%
1)
1/
02
13
1C
1D

#27630000
0!

#27635000
1!

#27636000
03

#27640000
0!
b100010110011100 -
1.

#27645000
1!
0%
0)
0/
1A
b100010110011100 B
0C

#27646000
0.

#27650000
0!

#27655000
1!
14
b100010110011100 6
b10101011 :
0A
0D
1E
b100010110011100 G
b10101011 K
1S
b101100111 b
b1100111 e
b111 i
b10101011 j

#27660000
0!

#27665000
1!
b10101011 0
12
04
b0 :
0E
b0 K
0S

#27670000
0!

#27675000
1!
1%
1)
1/
02
13
1C
1D

#27680000
0!

#27685000
1!

#27686000
03

#27690000
0!
b100010111000000 -
1.

#27695000
1!
0%
0)
0/
1A
b100010111000000 B
0C

#27696000
0.

#27700000
0!

#27705000
1!
14
b100010111000000 6
b10010101 :
0A
0D
1E
b100010111000000 G
b10010101 K
1S
b101110000 b
b1110000 e
b10111 h
b0 i
b10010101 j

#27710000
0!

#27715000
1!
b10010101 0
12
04
b0 :
0E
b0 K
0S

#27720000
0!

#27725000
1!
1%
1)
1/
02
13
1C
1D

#27730000
0!

#27735000
1!

#27736000
03

#27740000
0!
b100010111000100 -
1.

#27745000
1!
0%
0)
0/
1A
b100010111000100 B
0C

#27746000
0.

#27750000
0!

#27755000
1!
14
b100010111000100 6
b10000000 :
0A
0D
1E
b100010111000100 G
b10000000 K
1S
b101110001 b
b1110001 e
b1 i
b10000000 j

#27760000
0!

#27765000
1!
b10000000 0
12
04
b0 :
0E
b0 K
0S

#27770000
0!

#27775000
1!
1%
1)
1/
02
13
1C
1D

#27780000
0!

#27785000
1!

#27786000
03

#27790000
0!
b100010111001000 -
1.

#27795000
1!
0%
0)
0/
1A
b100010111001000 B
0C

#27796000
0.

#27800000
0!

#27805000
1!
14
b100010111001000 6
b10000110 :
0A
0D
1E
b100010111001000 G
b10000110 K
1S
b101110010 b
b1110010 e
b10 i
b10000110 j

#27810000
0!

#27815000
1!
b10000110 0
12
04
b0 :
0E
b0 K
0S

#27820000
0!

#27825000
1!
1%
1)
1/
02
13
1C
1D

#27830000
0!

#27835000
1!

#27836000
03

#27840000
0!
b100010111001100 -
1.

#27845000
1!
0%
0)
0/
1A
b100010111001100 B
0C

#27846000
0.

#27850000
0!

#27855000
1!
14
b100010111001100 6
b10010101 :
0A
0D
1E
b100010111001100 G
b10010101 K
1S
b101110011 b
b1110011 e
b11 i
b10010101 j

#27860000
0!

#27865000
1!
b10010101 0
12
04
b0 :
0E
b0 K
0S

#27870000
0!

#27875000
1!
1%
1)
1/
02
13
1C
1D

#27880000
0!

#27885000
1!

#27886000
03

#27890000
0!
b100010111010000 -
1.

#27895000
1!
0%
0)
0/
1A
b100010111010000 B
0C

#27896000
0.

#27900000
0!

#27905000
1!
14
b100010111010000 6
b10000000 :
0A
0D
1E
b100010111010000 G
b10000000 K
1S
b101110100 b
b1110100 e
b100 i
b10000000 j

#27910000
0!

#27915000
1!
b10000000 0
12
04
b0 :
0E
b0 K
0S

#27920000
0!

#27925000
1!
1%
1)
1/
02
13
1C
1D

#27930000
0!

#27935000
1!

#27936000
03

#27940000
0!
b100010111010100 -
1.

#27945000
1!
0%
0)
0/
1A
b100010111010100 B
0C

#27946000
0.

#27950000
0!

#27955000
1!
14
b100010111010100 6
b10000110 :
0A
0D
1E
b100010111010100 G
b10000110 K
1S
b101110101 b
b1110101 e
b101 i
b10000110 j

#27960000
0!

#27965000
1!
b10000110 0
12
04
b0 :
0E
b0 K
0S

#27970000
0!

#27975000
1!
1%
1)
1/
02
13
1C
1D

#27980000
0!

#27985000
1!

#27986000
03

#27990000
0!
b100010111011000 -
1.

#27995000
1!
0%
0)
0/
1A
b100010111011000 B
0C

#27996000
0.

#28000000
0!

#28005000
1!
14
b100010111011000 6
b10010101 :
0A
0D
1E
b100010111011000 G
b10010101 K
1S
b101110110 b
b1110110 e
b110 i
b10010101 j

#28010000
0!

#28015000
1!
b10010101 0
12
04
b0 :
0E
b0 K
0S

#28020000
0!

#28025000
1!
1%
1)
1/
02
13
1C
1D

#28030000
0!

#28035000
1!

#28036000
03

#28040000
0!
b100010111011100 -
1.

#28045000
1!
0%
0)
0/
1A
b100010111011100 B
0C

#28046000
0.

#28050000
0!

#28055000
1!
14
b100010111011100 6
b10000000 :
0A
0D
1E
b100010111011100 G
b10000000 K
1S
b101110111 b
b1110111 e
b111 i
b10000000 j

#28060000
0!

#28065000
1!
b10000000 0
12
04
b0 :
0E
b0 K
0S

#28070000
0!

#28075000
1!
1%
1)
1/
02
13
1C
1D

#28080000
0!

#28085000
1!
